group,segment_label,start_label,end_label,sample_index,sample_count,sample_fraction,distance_along_segment_m,segment_length_2d_m,sample_spacing_target_m,lookup_x,lookup_y,lookup_status,inside_mesh_bbox,distance_to_mesh_bbox_m,containing_cell_id,nearest_cell_id,lookup_cell_id,lookup_material_id,nearest_centroid_x,nearest_centroid_y,nearest_centroid_distance_m
Charac. Bohrungen,BCD-A32,BCD-A32 Anfang,BCD-A32 Ende,0,41,0.0,0.0,3.9890156474488188,0.1,-1.0711847786196085,-0.37685300000006683,inside_mesh_bbox_nearest_cell,True,0.0,-1,3254,3254,1,-1.1383478668688964,-0.4384497811741117,0.0911320134430531
Charac. Bohrungen,BCD-A32,BCD-A32 Anfang,BCD-A32 Ende,1,41,0.025,0.09972539118622048,3.9890156474488188,0.1,-1.1669328509364658,-0.4047359750000654,inside_cell,True,0.0,720,720,720,1,-1.1673335420771267,-0.4097815517682264,0.005061462072722651
Charac. Bohrungen,BCD-A32,BCD-A32 Anfang,BCD-A32 Ende,2,41,0.05,0.19945078237244096,3.9890156474488188,0.1,-1.2626809232533234,-0.43261895000006395,inside_cell,True,0.0,136,2926,136,1,-1.2669033101781466,-0.44126878716084966,0.009625395277651078
Charac. Bohrungen,BCD-A32,BCD-A32 Anfang,BCD-A32 Ende,3,41,0.075,0.2991761735586614,3.9890156474488188,0.1,-1.3584289955701807,-0.46050192500006254,inside_cell,True,0.0,8051,8051,8051,0,-1.3725831318185335,-0.46117152212910867,0.014169965887473482
Charac. Bohrungen,BCD-A32,BCD-A32 Anfang,BCD-A32 Ende,4,41,0.1,0.3989015647448819,3.9890156474488188,0.1,-1.454177067887038,-0.4883849000000611,inside_cell,True,0.0,6995,6995,6995,0,-1.4419931457674533,-0.47369230577180393,0.0190871758878133
Charac. Bohrungen,BCD-A32,BCD-A32 Anfang,BCD-A32 Ende,5,41,0.125,0.49862695593110234,3.9890156474488188,0.1,-1.5499251402038956,-0.5162678750000597,inside_cell,True,0.0,8371,8371,8371,0,-1.5642277604823034,-0.5333953426458526,0.022314011176523305
Charac. Bohrungen,BCD-A32,BCD-A32 Anfang,BCD-A32 Ende,6,41,0.15,0.5983523471173228,3.9890156474488188,0.1,-1.645673212520753,-0.5441508500000583,inside_cell,True,0.0,3542,3542,3542,0,-1.6384673418230367,-0.55494973332137,0.01298231310281457
Charac. Bohrungen,BCD-A32,BCD-A32 Anfang,BCD-A32 Ende,7,41,0.175,0.6980777383035432,3.9890156474488188,0.1,-1.7414212848376103,-0.5720338250000567,inside_cell,True,0.0,6191,9461,6191,0,-1.7616537150031302,-0.5293632661300091,0.04722422921218348
Charac. Bohrungen,BCD-A32,BCD-A32 Anfang,BCD-A32 Ende,8,41,0.2,0.7978031294897638,3.9890156474488188,0.1,-1.8371693571544676,-0.5999168000000554,inside_cell,True,0.0,5292,5292,5292,0,-1.85467122542643,-0.5965663446879527,0.01781967855511201
Charac. Bohrungen,BCD-A32,BCD-A32 Anfang,BCD-A32 Ende,9,41,0.225,0.8975285206759842,3.9890156474488188,0.1,-1.9329174294713252,-0.6277997750000539,inside_cell,True,0.0,4648,4648,4648,0,-1.9531543672590768,-0.665476463070921,0.042767586733585376
Charac. Bohrungen,BCD-A32,BCD-A32 Anfang,BCD-A32 Ende,10,41,0.25,0.9972539118622047,3.9890156474488188,0.1,-2.0286655017881827,-0.6556827500000525,inside_cell,True,0.0,7188,6656,7188,0,-2.0684455477925936,-0.6466627797931811,0.04078985073086065
Charac. Bohrungen,BCD-A32,BCD-A32 Anfang,BCD-A32 Ende,11,41,0.275,1.0969793030484252,3.9890156474488188,0.1,-2.12441357410504,-0.6835657250000511,inside_cell,True,0.0,5046,5046,5046,0,-2.1092467088000864,-0.7440328998228877,0.0623403002417705
Charac. Bohrungen,BCD-A32,BCD-A32 Anfang,BCD-A32 Ende,12,41,0.3,1.1967046942346455,3.9890156474488188,0.1,-2.2201616464218974,-0.7114487000000496,inside_cell,True,0.0,5040,5040,5040,0,-2.1804936872657064,-0.7139668758099353,0.039747807398984085
Charac. Bohrungen,BCD-A32,BCD-A32 Anfang,BCD-A32 Ende,13,41,0.325,1.2964300854208661,3.9890156474488188,0.1,-2.3159097187387547,-0.7393316750000483,inside_cell,True,0.0,5896,5896,5896,0,-2.3229357019807164,-0.7132050417244574,0.027054859209272128
Charac. Bohrungen,BCD-A32,BCD-A32 Anfang,BCD-A32 Ende,14,41,0.35,1.3961554766070865,3.9890156474488188,0.1,-2.411657791055612,-0.7672146500000467,inside_cell,True,0.0,5897,5897,5897,0,-2.38920050973918,-0.7573482290403316,0.024529079613382892
Charac. Bohrungen,BCD-A32,BCD-A32 Anfang,BCD-A32 Ende,15,41,0.375,1.495880867793307,3.9890156474488188,0.1,-2.5074058633724694,-0.7950976250000453,inside_cell,True,0.0,5398,5398,5398,0,-2.542851191597657,-0.8283599009833367,0.048608129943250485
Charac. Bohrungen,BCD-A32,BCD-A32 Anfang,BCD-A32 Ende,16,41,0.4,1.5956062589795277,3.9890156474488188,0.1,-2.6031539356893267,-0.8229806000000439,inside_cell,True,0.0,4298,5398,4298,0,-2.542851191597657,-0.8283599009833367,0.06054219870515323
Charac. Bohrungen,BCD-A32,BCD-A32 Anfang,BCD-A32 Ende,17,41,0.425,1.6953316501657478,3.9890156474488188,0.1,-2.6989020080061845,-0.8508635750000424,inside_cell,True,0.0,4298,4298,4298,0,-2.6587740397598068,-0.8573278451565217,0.040645302609751244
Charac. Bohrungen,BCD-A32,BCD-A32 Anfang,BCD-A32 Ende,18,41,0.45,1.7950570413519684,3.9890156474488188,0.1,-2.794650080323042,-0.8787465500000411,inside_cell,True,0.0,4307,4311,4307,0,-2.860056405108223,-0.7902139270437857,0.11007276070590354
Charac. Bohrungen,BCD-A32,BCD-A32 Anfang,BCD-A32 Ende,19,41,0.475,1.8947824325381888,3.9890156474488188,0.1,-2.890398152639899,-0.9066295250000396,inside_cell,True,0.0,6319,6319,6319,0,-2.9372836015048667,-0.879572501014549,0.054132502826129275
Charac. Bohrungen,BCD-A32,BCD-A32 Anfang,BCD-A32 Ende,20,41,0.5,1.9945078237244094,3.9890156474488188,0.1,-2.9861462249567565,-0.9345125000000382,inside_cell,True,0.0,6319,6319,6319,0,-2.9372836015048667,-0.879572501014549,0.07352523008550689
Charac. Bohrungen,BCD-A32,BCD-A32 Anfang,BCD-A32 Ende,21,41,0.525,2.0942332149106297,3.9890156474488188,0.1,-3.081894297273614,-0.9623954750000367,inside_cell,True,0.0,4714,4714,4714,0,-3.17394631725152,-0.933678630657631,0.09642733808935519
Charac. Bohrungen,BCD-A32,BCD-A32 Anfang,BCD-A32 Ende,22,41,0.55,2.1939586060968503,3.9890156474488188,0.1,-3.1776423695904716,-0.9902784500000353,inside_cell,True,0.0,4714,4714,4714,0,-3.17394631725152,-0.933678630657631,0.05672036981971359
Charac. Bohrungen,BCD-A32,BCD-A32 Anfang,BCD-A32 Ende,23,41,0.575,2.2936839972830705,3.9890156474488188,0.1,-3.2733904419073285,-1.018161425000034,inside_cell,True,0.0,4616,4616,4616,0,-3.1658261708699293,-1.0485306120681923,0.11176922620734149
Charac. Bohrungen,BCD-A32,BCD-A32 Anfang,BCD-A32 Ende,24,41,0.6,2.393409388469291,3.9890156474488188,0.1,-3.369138514224186,-1.0460444000000324,inside_cell,True,0.0,5948,5948,5948,0,-3.4871865932411836,-1.07004953931731,0.12046408457812334
Charac. Bohrungen,BCD-A32,BCD-A32 Anfang,BCD-A32 Ende,25,41,0.625,2.4931347796555117,3.9890156474488188,0.1,-3.4648865865410436,-1.0739273750000309,inside_cell,True,0.0,5948,5948,5948,0,-3.4871865932411836,-1.07004953931731,0.022634661658802676
Charac. Bohrungen,BCD-A32,BCD-A32 Anfang,BCD-A32 Ende,26,41,0.65,2.5928601708417323,3.9890156474488188,0.1,-3.560634658857901,-1.1018103500000296,inside_cell,True,0.0,5948,5948,5948,0,-3.4871865932411836,-1.07004953931731,0.08002104372014386
Charac. Bohrungen,BCD-A32,BCD-A32 Anfang,BCD-A32 Ende,27,41,0.675,2.692585562027953,3.9890156474488188,0.1,-3.6563827311747583,-1.1296933250000283,inside_cell,True,0.0,5951,5951,5951,0,-3.680641570467847,-1.1480617230512031,0.03042842964752367
Charac. Bohrungen,BCD-A32,BCD-A32 Anfang,BCD-A32 Ende,28,41,0.7,2.792310953214173,3.9890156474488188,0.1,-3.7521308034916157,-1.1575763000000268,inside_cell,True,0.0,5951,5951,5951,0,-3.680641570467847,-1.1480617230512031,0.07211960629982536
Charac. Bohrungen,BCD-A32,BCD-A32 Anfang,BCD-A32 Ende,29,41,0.725,2.8920363444003936,3.9890156474488188,0.1,-3.847878875808473,-1.1854592750000252,inside_cell,True,0.0,6413,6413,6413,0,-3.8105759062817435,-1.036927000921665,0.15314485945796963
Charac. Bohrungen,BCD-A32,BCD-A32 Anfang,BCD-A32 Ende,30,41,0.75,2.991761735586614,3.9890156474488188,0.1,-3.9436269481253303,-1.2133422500000237,inside_cell,True,0.0,6415,6415,6415,0,-4.002585559500067,-1.0704334897314316,0.1545931163303952
Charac. Bohrungen,BCD-A32,BCD-A32 Anfang,BCD-A32 Ende,31,41,0.775,3.0914871267728348,3.9890156474488188,0.1,-4.039375020442188,-1.2412252250000224,inside_cell,True,0.0,3671,3671,3671,0,-4.116146966983097,-1.2168005571574667,0.08056361570150211
Charac. Bohrungen,BCD-A32,BCD-A32 Anfang,BCD-A32 Ende,32,41,0.8,3.1912125179590554,3.9890156474488188,0.1,-4.135123092759045,-1.2691082000000211,inside_cell,True,0.0,3671,3671,3671,0,-4.116146966983097,-1.2168005571574667,0.05564335404348698
Charac. Bohrungen,BCD-A32,BCD-A32 Anfang,BCD-A32 Ende,33,41,0.825,3.2909379091452755,3.9890156474488188,0.1,-4.230871165075903,-1.2969911750000196,inside_cell,True,0.0,3671,3671,3671,0,-4.116146966983097,-1.2168005571574667,0.13997205727575682
Charac. Bohrungen,BCD-A32,BCD-A32 Anfang,BCD-A32 Ende,34,41,0.85,3.3906633003314957,3.9890156474488188,0.1,-4.3266192373927606,-1.324874150000018,inside_cell,True,0.0,6327,6327,6327,0,-4.466921482233343,-1.32792773827714,0.14033547060053267
Charac. Bohrungen,BCD-A32,BCD-A32 Anfang,BCD-A32 Ende,35,41,0.875,3.4903886915177162,3.9890156474488188,0.1,-4.4223673097096174,-1.3527571250000165,inside_cell,True,0.0,6327,6327,6327,0,-4.466921482233343,-1.32792773827714,0.051005614733165186
Charac. Bohrungen,BCD-A32,BCD-A32 Anfang,BCD-A32 Ende,36,41,0.9,3.590114082703937,3.9890156474488188,0.1,-4.518115382026475,-1.3806401000000155,inside_cell,True,0.0,6327,6327,6327,0,-4.466921482233343,-1.32792773827714,0.07348066721548273
Charac. Bohrungen,BCD-A32,BCD-A32 Anfang,BCD-A32 Ende,37,41,0.925,3.6898394738901574,3.9890156474488188,0.1,-4.613863454343333,-1.408523075000014,inside_cell,True,0.0,6333,6333,6333,0,-4.712942815205177,-1.3748081680291666,0.10465856248221841
Charac. Bohrungen,BCD-A32,BCD-A32 Anfang,BCD-A32 Ende,38,41,0.95,3.7895648650763776,3.9890156474488188,0.1,-4.70961152666019,-1.4364060500000124,inside_cell,True,0.0,6333,6333,6333,0,-4.712942815205177,-1.3748081680291666,0.06168789627361444
Charac. Bohrungen,BCD-A32,BCD-A32 Anfang,BCD-A32 Ende,39,41,0.975,3.889290256262598,3.9890156474488188,0.1,-4.805359598977047,-1.464289025000011,inside_cell,True,0.0,6333,6333,6333,0,-4.712942815205177,-1.3748081680291666,0.12863780815519676
Charac. Bohrungen,BCD-A32,BCD-A32 Anfang,BCD-A32 Ende,40,41,1.0,3.9890156474488188,3.9890156474488188,0.1,-4.901107671293905,-1.4921720000000094,inside_cell,True,0.0,6333,5981,6333,0,-4.712199871591216,-1.6048733684837069,0.2199721692546792
Charac. Bohrungen,BCD-A33,BCD-A33 Anfang,BCD-A33 Ende,0,42,0.0,0.0,4.0019499251900905,0.1,0.35402571719029385,-1.0380879999999866,inside_mesh_bbox_nearest_cell,True,0.0,-1,2925,2925,1,0.36111074840359536,-1.14190148773811,0.10405497539112173
Charac. Bohrungen,BCD-A33,BCD-A33 Anfang,BCD-A33 Ende,1,42,0.024390243902439025,0.09760853476073392,4.0019499251900905,0.1,0.3864959782455552,-1.1301374878048656,inside_mesh_bbox_nearest_cell,True,0.0,-1,1591,1591,1,0.3885945027839677,-1.1414237796493498,0.011479729475784317
Charac. Bohrungen,BCD-A33,BCD-A33 Anfang,BCD-A33 Ende,2,42,0.04878048780487805,0.19521706952146783,4.0019499251900905,0.1,0.41896623930081656,-1.2221869756097448,inside_cell,True,0.0,1781,1999,1781,1,0.42894221830992835,-1.2270107013851967,0.01108099668563252
Charac. Bohrungen,BCD-A33,BCD-A33 Anfang,BCD-A33 Ende,3,42,0.07317073170731707,0.2928256042822017,4.0019499251900905,0.1,0.4514365003560779,-1.3142364634146237,inside_cell,True,0.0,4096,4096,4096,0,0.441183901061646,-1.3290266963222168,0.01799629911267965
Charac. Bohrungen,BCD-A33,BCD-A33 Anfang,BCD-A33 Ende,4,42,0.0975609756097561,0.39043413904293567,4.0019499251900905,0.1,0.48390676141133926,-1.4062859512195027,inside_cell,True,0.0,9359,9359,9359,0,0.473258921433698,-1.39517661043897,0.015388110630206108
Charac. Bohrungen,BCD-A33,BCD-A33 Anfang,BCD-A33 Ende,5,42,0.12195121951219512,0.48804267380366956,4.0019499251900905,0.1,0.5163770224666007,-1.498335439024382,inside_cell,True,0.0,3600,8338,3600,0,0.48917489775316164,-1.4861110816591332,0.029822650819784635
Charac. Bohrungen,BCD-A33,BCD-A33 Anfang,BCD-A33 Ende,6,42,0.14634146341463414,0.5856512085644034,4.0019499251900905,0.1,0.548847283521862,-1.590384926829261,inside_cell,True,0.0,8057,8057,8057,0,0.5682845664314463,-1.5748943423097401,0.024854902447276617
Charac. Bohrungen,BCD-A33,BCD-A33 Anfang,BCD-A33 Ende,7,42,0.17073170731707318,0.6832597433251375,4.0019499251900905,0.1,0.5813175445771234,-1.6824344146341401,inside_cell,True,0.0,3539,3539,3539,0,0.56613572139894,-1.6812749778023532,0.015226031944683768
Charac. Bohrungen,BCD-A33,BCD-A33 Anfang,BCD-A33 Ende,8,42,0.1951219512195122,0.7808682780858713,4.0019499251900905,0.1,0.6137878056323847,-1.774483902439019,inside_cell,True,0.0,6194,6194,6194,0,0.5891764432815986,-1.7874055330397034,0.027797260551036894
Charac. Bohrungen,BCD-A33,BCD-A33 Anfang,BCD-A33 Ende,9,42,0.21951219512195122,0.8784768128466053,4.0019499251900905,0.1,0.6462580666876461,-1.866533390243898,inside_cell,True,0.0,4649,4649,4649,0,0.6575143761188703,-1.8834208473010434,0.020295090733189535
Charac. Bohrungen,BCD-A33,BCD-A33 Anfang,BCD-A33 Ende,10,42,0.24390243902439024,0.9760853476073391,4.0019499251900905,0.1,0.6787283277429074,-1.958582878048777,inside_cell,True,0.0,4650,4650,4650,0,0.665476486551289,-1.9531543580704167,0.014320618845682998
Charac. Bohrungen,BCD-A33,BCD-A33 Anfang,BCD-A33 Ende,11,42,0.2682926829268293,1.073693882368073,4.0019499251900905,0.1,0.7111985887981688,-2.050632365853656,inside_cell,True,0.0,5034,5034,5034,0,0.7099489458366689,-2.059181908847123,0.00864038731356221
Charac. Bohrungen,BCD-A33,BCD-A33 Anfang,BCD-A33 Ende,12,42,0.2926829268292683,1.171302417128807,4.0019499251900905,0.1,0.7436688498534301,-2.1426818536585355,inside_cell,True,0.0,5030,5030,5030,0,0.7440329217408079,-2.109246699607247,0.033437136162844036
Charac. Bohrungen,BCD-A33,BCD-A33 Anfang,BCD-A33 Ende,13,42,0.3170731707317073,1.268910951889541,4.0019499251900905,0.1,0.7761391109086915,-2.2347313414634145,inside_cell,True,0.0,5749,5749,5749,0,0.7517365625002904,-2.2421498944020537,0.02550527977748431
Charac. Bohrungen,BCD-A33,BCD-A33 Anfang,BCD-A33 Ende,14,42,0.34146341463414637,1.366519486650275,4.0019499251900905,0.1,0.8086093719639529,-2.3267808292682934,inside_cell,True,0.0,3802,3802,3802,0,0.8476022896989667,-2.3701513168955466,0.05832192409819202
Charac. Bohrungen,BCD-A33,BCD-A33 Anfang,BCD-A33 Ende,15,42,0.36585365853658536,1.4641280214110086,4.0019499251900905,0.1,0.8410796330192141,-2.4188303170731724,inside_cell,True,0.0,3802,3802,3802,0,0.8476022896989667,-2.3701513168955466,0.049114052046794275
Charac. Bohrungen,BCD-A33,BCD-A33 Anfang,BCD-A33 Ende,16,42,0.3902439024390244,1.5617365561717427,4.0019499251900905,0.1,0.8735498940744755,-2.5108798048780514,inside_cell,True,0.0,5393,5393,5393,0,0.828359919560491,-2.54285118384335,0.0553561457249085
Charac. Bohrungen,BCD-A33,BCD-A33 Anfang,BCD-A33 Ende,17,42,0.4146341463414634,1.6593450909324765,4.0019499251900905,0.1,0.9060201551297368,-2.6029292926829304,inside_cell,True,0.0,4317,4317,4317,0,0.8573278628323996,-2.65877403236013,0.07409166133097234
Charac. Bohrungen,BCD-A33,BCD-A33 Anfang,BCD-A33 Ende,18,42,0.43902439024390244,1.7569536256932106,4.0019499251900905,0.1,0.9384904161849982,-2.6949787804878094,inside_cell,True,0.0,5388,5388,5388,0,0.9729167856959142,-2.6872018835627833,0.035293838605124965
Charac. Bohrungen,BCD-A33,BCD-A33 Anfang,BCD-A33 Ende,19,42,0.4634146341463415,1.8545621604539444,4.0019499251900905,0.1,0.9709606772402596,-2.787028268292689,inside_cell,True,0.0,4400,4400,4400,0,1.0418410823353659,-2.8015331381084336,0.07234931288421526
Charac. Bohrungen,BCD-A33,BCD-A33 Anfang,BCD-A33 Ende,20,42,0.4878048780487805,1.9521706952146782,4.0019499251900905,0.1,1.0034309382955209,-2.8790777560975678,inside_cell,True,0.0,4399,4399,4399,0,1.0075280015137544,-2.9169172993202235,0.03806070096981178
Charac. Bohrungen,BCD-A33,BCD-A33 Anfang,BCD-A33 Ende,21,42,0.5121951219512195,2.049779229975412,4.0019499251900905,0.1,1.0359011993507823,-2.9711272439024468,inside_cell,True,0.0,4399,4399,4399,0,1.0075280015137544,-2.9169172993202235,0.06118624393690825
Charac. Bohrungen,BCD-A33,BCD-A33 Anfang,BCD-A33 Ende,22,42,0.5365853658536586,2.147387764736146,4.0019499251900905,0.1,1.0683714604060437,-3.063176731707326,inside_cell,True,0.0,6285,6285,6285,0,1.0910853250994952,-3.0304369053468303,0.039847407436718434
Charac. Bohrungen,BCD-A33,BCD-A33 Anfang,BCD-A33 Ende,23,42,0.5609756097560976,2.24499629949688,4.0019499251900905,0.1,1.1008417214613049,-3.1552262195122047,inside_cell,True,0.0,4719,4719,4719,0,1.048530624979925,-3.16582616458772,0.05337424145304701
Charac. Bohrungen,BCD-A33,BCD-A33 Anfang,BCD-A33 Ende,24,42,0.5853658536585366,2.342604834257614,4.0019499251900905,0.1,1.1333119825165663,-3.247275707317084,inside_cell,True,0.0,4500,4500,4500,0,1.14737897581492,-3.248011859393573,0.014086242236155358
Charac. Bohrungen,BCD-A33,BCD-A33 Anfang,BCD-A33 Ende,25,42,0.6097560975609756,2.440213369018348,4.0019499251900905,0.1,1.1657822435718277,-3.3393251951219627,inside_cell,True,0.0,4497,4497,4497,0,1.1817757561177167,-3.37944102682637,0.04318648396074672
Charac. Bohrungen,BCD-A33,BCD-A33 Anfang,BCD-A33 Ende,26,42,0.6341463414634146,2.537821903779082,4.0019499251900905,0.1,1.198252504627089,-3.431374682926842,inside_cell,True,0.0,4497,4497,4497,0,1.1817757561177167,-3.37944102682637,0.0544847490349659
Charac. Bohrungen,BCD-A33,BCD-A33 Anfang,BCD-A33 Ende,27,42,0.6585365853658537,2.635430438539816,4.0019499251900905,0.1,1.2307227656823505,-3.5234241707317215,inside_cell,True,0.0,5945,4497,5945,0,1.1817757561177167,-3.37944102682637,0.15207549268106793
Charac. Bohrungen,BCD-A33,BCD-A33 Anfang,BCD-A33 Ende,28,42,0.6829268292682927,2.73303897330055,4.0019499251900905,0.1,1.263193026737612,-3.6154736585366,inside_cell,True,0.0,6731,6731,6731,0,1.3506951570401533,-3.70383806144633,0.12435791293309813
Charac. Bohrungen,BCD-A33,BCD-A33 Anfang,BCD-A33 Ende,29,42,0.7073170731707317,2.830647508061283,4.0019499251900905,0.1,1.2956632877928729,-3.7075231463414795,inside_cell,True,0.0,6731,6731,6731,0,1.3506951570401533,-3.70383806144633,0.05515511294099785
Charac. Bohrungen,BCD-A33,BCD-A33 Anfang,BCD-A33 Ende,30,42,0.7317073170731707,2.9282560428220172,4.0019499251900905,0.1,1.3281335488481343,-3.799572634146358,inside_cell,True,0.0,6731,6731,6731,0,1.3506951570401533,-3.70383806144633,0.09835717855991567
Charac. Bohrungen,BCD-A33,BCD-A33 Anfang,BCD-A33 Ende,31,42,0.7560975609756098,3.0258645775827513,4.0019499251900905,0.1,1.3606038099033957,-3.8916221219512375,inside_cell,True,0.0,3611,3611,3611,0,1.4715650458250333,-3.8594904546607367,0.11551986807525694
Charac. Bohrungen,BCD-A33,BCD-A33 Anfang,BCD-A33 Ende,32,42,0.7804878048780488,3.1234731123434853,4.0019499251900905,0.1,1.393074070958657,-3.983671609756117,inside_cell,True,0.0,3610,3610,3610,0,1.4116799168285368,-4.05021870905574,0.06909916009422745
Charac. Bohrungen,BCD-A33,BCD-A33 Anfang,BCD-A33 Ende,33,42,0.8048780487804879,3.2210816471042194,4.0019499251900905,0.1,1.4255443320139185,-4.075721097560995,inside_cell,True,0.0,3610,3610,3610,0,1.4116799168285368,-4.05021870905574,0.029027466784161605
Charac. Bohrungen,BCD-A33,BCD-A33 Anfang,BCD-A33 Ende,34,42,0.8292682926829268,3.318690181864953,4.0019499251900905,0.1,1.4580145930691797,-4.167770585365874,inside_cell,True,0.0,3864,3864,3864,0,1.5409832815946867,-4.189004496574493,0.08564275953551545
Charac. Bohrungen,BCD-A33,BCD-A33 Anfang,BCD-A33 Ende,35,42,0.8536585365853658,3.416298716625687,4.0019499251900905,0.1,1.490484854124441,-4.259820073170753,inside_cell,True,0.0,3864,3864,3864,0,1.5409832815946867,-4.189004496574493,0.08697664666810535
Charac. Bohrungen,BCD-A33,BCD-A33 Anfang,BCD-A33 Ende,36,42,0.8780487804878049,3.513907251386421,4.0019499251900905,0.1,1.5229551151797025,-4.351869560975633,inside_cell,True,0.0,7503,7503,7503,0,1.4996415506727498,-4.372585162068403,0.031187472142747114
Charac. Bohrungen,BCD-A33,BCD-A33 Anfang,BCD-A33 Ende,37,42,0.9024390243902439,3.6115157861471547,4.0019499251900905,0.1,1.555425376234964,-4.443919048780512,inside_cell,True,0.0,7503,7503,7503,0,1.4996415506727498,-4.372585162068403,0.09055583132969158
Charac. Bohrungen,BCD-A33,BCD-A33 Anfang,BCD-A33 Ende,38,42,0.926829268292683,3.709124320907889,4.0019499251900905,0.1,1.5878956372902253,-4.535968536585391,inside_cell,True,0.0,5975,5975,5975,0,1.6539799627176668,-4.4810903856961035,0.0858996479167835
Charac. Bohrungen,BCD-A33,BCD-A33 Anfang,BCD-A33 Ende,39,42,0.9512195121951219,3.8067328556686224,4.0019499251900905,0.1,1.6203658983454865,-4.628018024390269,inside_cell,True,0.0,5978,5978,5978,0,1.6048733702878035,-4.712199870580917,0.08559557029241589
Charac. Bohrungen,BCD-A33,BCD-A33 Anfang,BCD-A33 Ende,40,42,0.975609756097561,3.9043413904293565,4.0019499251900905,0.1,1.652836159400748,-4.720067512195149,inside_cell,True,0.0,5978,5978,5978,0,1.6048733702878035,-4.712199870580917,0.048603795366851464
Charac. Bohrungen,BCD-A33,BCD-A33 Anfang,BCD-A33 Ende,41,42,1.0,4.0019499251900905,4.0019499251900905,0.1,1.6853064204560093,-4.812117000000028,inside_cell,True,0.0,5842,5842,5842,0,1.7741246506988702,-4.86248388983656,0.10210534567435332
Charac. Bohrungen,BCD-A34,BCD-A34 Anfang,BCD-A34 Ende,0,41,0.0,0.0,3.998689126113928,0.1,11.964764035991738,-1.2688960000000111,outside_mesh_bbox_nearest_cell,False,6.964764035991738,-1,5763,5763,0,4.91221400377144,-0.7390450159297993,7.072425610940754
Charac. Bohrungen,BCD-A34,BCD-A34 Anfang,BCD-A34 Ende,1,41,0.025,0.0999672281528482,3.998689126113928,0.1,11.933506362421863,-1.3638507500000119,outside_mesh_bbox_nearest_cell,False,6.933506362421863,-1,5763,5763,0,4.91221400377144,-0.7390450159297993,7.0490374230081825
Charac. Bohrungen,BCD-A34,BCD-A34 Anfang,BCD-A34 Ende,2,41,0.05,0.1999344563056964,3.998689126113928,0.1,11.902248688851985,-1.4588055000000129,outside_mesh_bbox_nearest_cell,False,6.902248688851985,-1,5828,5828,0,4.8906615029022005,-1.78181480040215,7.019023427395117
Charac. Bohrungen,BCD-A34,BCD-A34 Anfang,BCD-A34 Ende,3,41,0.075,0.2999016844585446,3.998689126113928,0.1,11.87099101528211,-1.5537602500000136,outside_mesh_bbox_nearest_cell,False,6.87099101528211,-1,5828,5828,0,4.8906615029022005,-1.78181480040215,6.984053907249074
Charac. Bohrungen,BCD-A34,BCD-A34 Anfang,BCD-A34 Ende,4,41,0.1,0.3998689126113928,3.998689126113928,0.1,11.839733341712233,-1.6487150000000146,outside_mesh_bbox_nearest_cell,False,6.839733341712233,-1,5828,5828,0,4.8906615029022005,-1.78181480040215,6.950346392649055
Charac. Bohrungen,BCD-A34,BCD-A34 Anfang,BCD-A34 Ende,5,41,0.125,0.499836140764241,3.998689126113928,0.1,11.808475668142357,-1.7436697500000153,outside_mesh_bbox_nearest_cell,False,6.808475668142357,-1,5828,5828,0,4.8906615029022005,-1.78181480040215,6.917919330959819
Charac. Bohrungen,BCD-A34,BCD-A34 Anfang,BCD-A34 Ende,6,41,0.15,0.5998033689170892,3.998689126113928,0.1,11.77721799457248,-1.8386245000000163,outside_mesh_bbox_nearest_cell,False,6.77721799457248,-1,5828,5828,0,4.8906615029022005,-1.78181480040215,6.886790809581373
Charac. Bohrungen,BCD-A34,BCD-A34 Anfang,BCD-A34 Ende,7,41,0.175,0.6997705970699374,3.998689126113928,0.1,11.745960321002604,-1.933579250000017,outside_mesh_bbox_nearest_cell,False,6.745960321002604,-1,5828,5828,0,4.8906615029022005,-1.78181480040215,6.8569785134278005
Charac. Bohrungen,BCD-A34,BCD-A34 Anfang,BCD-A34 Ende,8,41,0.2,0.7997378252227856,3.998689126113928,0.1,11.714702647432727,-2.028534000000018,outside_mesh_bbox_nearest_cell,False,6.714702647432727,-1,5828,5828,0,4.8906615029022005,-1.78181480040215,6.82849968189907
Charac. Bohrungen,BCD-A34,BCD-A34 Anfang,BCD-A34 Ende,9,41,0.225,0.8997050533756338,3.998689126113928,0.1,11.683444973862851,-2.1234887500000186,outside_mesh_bbox_nearest_cell,False,6.683444973862851,-1,5828,5828,0,4.8906615029022005,-1.78181480040215,6.801371065541861
Charac. Bohrungen,BCD-A34,BCD-A34 Anfang,BCD-A34 Ende,10,41,0.25,0.999672281528482,3.998689126113928,0.1,11.652187300292976,-2.2184435000000198,outside_mesh_bbox_nearest_cell,False,6.652187300292976,-1,5828,5828,0,4.8906615029022005,-1.78181480040215,6.775608882609259
Charac. Bohrungen,BCD-A34,BCD-A34 Anfang,BCD-A34 Ende,11,41,0.275,1.0996395096813303,3.998689126113928,0.1,11.620929626723099,-2.3133982500000205,outside_mesh_bbox_nearest_cell,False,6.620929626723099,-1,7663,7663,0,4.890130566926607,-2.7425167116862066,6.7444642958145495
Charac. Bohrungen,BCD-A34,BCD-A34 Anfang,BCD-A34 Ende,12,41,0.3,1.1996067378341784,3.998689126113928,0.1,11.589671953153223,-2.4083530000000213,outside_mesh_bbox_nearest_cell,False,6.589671953153223,-1,7663,7663,0,4.890130566926607,-2.7425167116862066,6.7078700175220405
Charac. Bohrungen,BCD-A34,BCD-A34 Anfang,BCD-A34 Ende,13,41,0.325,1.2995739659870267,3.998689126113928,0.1,11.558414279583346,-2.503307750000022,outside_mesh_bbox_nearest_cell,False,6.558414279583346,-1,7663,7663,0,4.890130566926607,-2.7425167116862066,6.672572862085068
Charac. Bohrungen,BCD-A34,BCD-A34 Anfang,BCD-A34 Ende,14,41,0.35,1.3995411941398748,3.998689126113928,0.1,11.52715660601347,-2.598262500000023,outside_mesh_bbox_nearest_cell,False,6.52715660601347,-1,7663,7663,0,4.890130566926607,-2.7425167116862066,6.63859351979817
Charac. Bohrungen,BCD-A34,BCD-A34 Anfang,BCD-A34 Ende,15,41,0.375,1.499508422292723,3.998689126113928,0.1,11.495898932443593,-2.693217250000024,outside_mesh_bbox_nearest_cell,False,6.495898932443593,-1,7663,7663,0,4.890130566926607,-2.7425167116862066,6.605952326181858
Charac. Bohrungen,BCD-A34,BCD-A34 Anfang,BCD-A34 Ende,16,41,0.4,1.5994756504455712,3.998689126113928,0.1,11.464641258873717,-2.7881720000000247,outside_mesh_bbox_nearest_cell,False,6.464641258873717,-1,7663,7663,0,4.890130566926607,-2.7425167116862066,6.574669211745781
Charac. Bohrungen,BCD-A34,BCD-A34 Anfang,BCD-A34 Ende,17,41,0.425,1.6994428785984192,3.998689126113928,0.1,11.43338358530384,-2.8831267500000255,outside_mesh_bbox_nearest_cell,False,6.43338358530384,-1,7663,7663,0,4.890130566926607,-2.7425167116862066,6.544763650841594
Charac. Bohrungen,BCD-A34,BCD-A34 Anfang,BCD-A34 Ende,18,41,0.45,1.7994101067512676,3.998689126113928,0.1,11.402125911733965,-2.9780815000000262,outside_mesh_bbox_nearest_cell,False,6.402125911733965,-1,7663,7663,0,4.890130566926607,-2.7425167116862066,6.5162546098419165
Charac. Bohrungen,BCD-A34,BCD-A34 Anfang,BCD-A34 Ende,19,41,0.475,1.8993773349041156,3.998689126113928,0.1,11.370868238164087,-3.073036250000027,outside_mesh_bbox_nearest_cell,False,6.370868238164087,-1,7663,7663,0,4.890130566926607,-2.7425167116862066,6.48916049490254
Charac. Bohrungen,BCD-A34,BCD-A34 Anfang,BCD-A34 Ende,20,41,0.5,1.999344563056964,3.998689126113928,0.1,11.339610564594212,-3.167991000000028,outside_mesh_bbox_nearest_cell,False,6.339610564594212,-1,7663,7663,0,4.890130566926607,-2.7425167116862066,6.46349909958458
Charac. Bohrungen,BCD-A34,BCD-A34 Anfang,BCD-A34 Ende,21,41,0.525,2.099311791209812,3.998689126113928,0.1,11.308352891024336,-3.262945750000029,outside_mesh_bbox_nearest_cell,False,6.308352891024336,-1,7663,7663,0,4.890130566926607,-2.7425167116862066,6.439287552630858
Charac. Bohrungen,BCD-A34,BCD-A34 Anfang,BCD-A34 Ende,22,41,0.55,2.1992790193626606,3.998689126113928,0.1,11.277095217454459,-3.3579005000000297,outside_mesh_bbox_nearest_cell,False,6.277095217454459,-1,7663,7663,0,4.890130566926607,-2.7425167116862066,6.416542266206296
Charac. Bohrungen,BCD-A34,BCD-A34 Anfang,BCD-A34 Ende,23,41,0.575,2.299246247515508,3.998689126113928,0.1,11.245837543884583,-3.45285525000003,outside_mesh_bbox_nearest_cell,False,6.2458375438845835,-1,7663,7663,0,4.890130566926607,-2.7425167116862066,6.395278884924888
Charac. Bohrungen,BCD-A34,BCD-A34 Anfang,BCD-A34 Ende,24,41,0.6,2.3992134756683567,3.998689126113928,0.1,11.214579870314706,-3.547810000000031,outside_mesh_bbox_nearest_cell,False,6.214579870314706,-1,7663,7663,0,4.890130566926607,-2.7425167116862066,6.375512235995592
Charac. Bohrungen,BCD-A34,BCD-A34 Anfang,BCD-A34 Ende,25,41,0.625,2.499180703821205,3.998689126113928,0.1,11.18332219674483,-3.6427647500000324,outside_mesh_bbox_nearest_cell,False,6.183322196744831,-1,7663,7663,0,4.890130566926607,-2.7425167116862066,6.357256280826032
Charac. Bohrungen,BCD-A34,BCD-A34 Anfang,BCD-A34 Ende,26,41,0.65,2.5991479319740534,3.998689126113928,0.1,11.152064523174953,-3.7377195000000327,outside_mesh_bbox_nearest_cell,False,6.152064523174953,-1,5631,5631,0,4.841259201623154,-4.256107998281497,6.332060521005546
Charac. Bohrungen,BCD-A34,BCD-A34 Anfang,BCD-A34 Ende,27,41,0.675,2.6991151601269014,3.998689126113928,0.1,11.120806849605078,-3.832674250000034,outside_mesh_bbox_nearest_cell,False,6.120806849605078,-1,5631,5631,0,4.841259201623154,-4.256107998281497,6.293807655343386
Charac. Bohrungen,BCD-A34,BCD-A34 Anfang,BCD-A34 Ende,28,41,0.7,2.7990823882797495,3.998689126113928,0.1,11.0895491760352,-3.9276290000000342,outside_mesh_bbox_nearest_cell,False,6.0895491760352005,-1,5631,5631,0,4.841259201623154,-4.256107998281497,6.256918255551217
Charac. Bohrungen,BCD-A34,BCD-A34 Anfang,BCD-A34 Ende,29,41,0.725,2.8990496164325976,3.998689126113928,0.1,11.058291502465325,-4.022583750000035,outside_mesh_bbox_nearest_cell,False,6.058291502465325,-1,5631,5631,0,4.841259201623154,-4.256107998281497,6.221416575366925
Charac. Bohrungen,BCD-A34,BCD-A34 Anfang,BCD-A34 Ende,30,41,0.75,2.999016844585446,3.998689126113928,0.1,11.027033828895448,-4.117538500000037,outside_mesh_bbox_nearest_cell,False,6.027033828895448,-1,5631,5631,0,4.841259201623154,-4.256107998281497,6.187326502235005
Charac. Bohrungen,BCD-A34,BCD-A34 Anfang,BCD-A34 Ende,31,41,0.775,3.0989840727382942,3.998689126113928,0.1,10.995776155325572,-4.212493250000037,outside_mesh_bbox_nearest_cell,False,5.995776155325572,-1,5631,5631,0,4.841259201623154,-4.256107998281497,6.154671492425746
Charac. Bohrungen,BCD-A34,BCD-A34 Anfang,BCD-A34 Ende,32,41,0.8,3.1989513008911423,3.998689126113928,0.1,10.964518481755697,-4.307448000000038,outside_mesh_bbox_nearest_cell,False,5.964518481755697,-1,5631,5631,0,4.841259201623154,-4.256107998281497,6.123474504519944
Charac. Bohrungen,BCD-A34,BCD-A34 Anfang,BCD-A34 Ende,33,41,0.825,3.2989185290439904,3.998689126113928,0.1,10.93326080818582,-4.4024027500000384,outside_mesh_bbox_nearest_cell,False,5.933260808185819,-1,5631,5631,0,4.841259201623154,-4.256107998281497,6.093757931583966
Charac. Bohrungen,BCD-A34,BCD-A34 Anfang,BCD-A34 Ende,34,41,0.85,3.3988857571968385,3.998689126113928,0.1,10.902003134615944,-4.49735750000004,outside_mesh_bbox_nearest_cell,False,5.902003134615944,-1,5631,5631,0,4.841259201623154,-4.256107998281497,6.065543532395787
Charac. Bohrungen,BCD-A34,BCD-A34 Anfang,BCD-A34 Ende,35,41,0.875,3.498852985349687,3.998689126113928,0.1,10.870745461046067,-4.592312250000041,outside_mesh_bbox_nearest_cell,False,5.8707454610460665,-1,5733,5733,0,4.8379232913584636,-4.735565165850393,6.0345227424357155
Charac. Bohrungen,BCD-A34,BCD-A34 Anfang,BCD-A34 Ende,36,41,0.9,3.598820213502535,3.998689126113928,0.1,10.839487787476191,-4.687267000000041,outside_mesh_bbox_nearest_cell,False,5.839487787476191,-1,5733,5733,0,4.8379232913584636,-4.735565165850393,6.0017588350320565
Charac. Bohrungen,BCD-A34,BCD-A34 Anfang,BCD-A34 Ende,37,41,0.925,3.6987874416553836,3.998689126113928,0.1,10.808230113906314,-4.782221750000042,outside_mesh_bbox_nearest_cell,False,5.808230113906314,-1,5733,5733,0,4.8379232913584636,-4.735565165850393,5.970489125038745
Charac. Bohrungen,BCD-A34,BCD-A34 Anfang,BCD-A34 Ende,38,41,0.95,3.7987546698082313,3.998689126113928,0.1,10.776972440336438,-4.877176500000043,outside_mesh_bbox_nearest_cell,False,5.776972440336438,-1,5733,5733,0,4.8379232913584636,-4.735565165850393,5.94073720710954
Charac. Bohrungen,BCD-A34,BCD-A34 Anfang,BCD-A34 Ende,39,41,0.975,3.89872189796108,3.998689126113928,0.1,10.745714766766561,-4.972131250000044,outside_mesh_bbox_nearest_cell,False,5.745714766766561,-1,5733,5733,0,4.8379232913584636,-4.735565165850393,5.91252599394493
Charac. Bohrungen,BCD-A34,BCD-A34 Anfang,BCD-A34 Ende,40,41,1.0,3.998689126113928,3.998689126113928,0.1,10.714457093196685,-5.067086000000045,outside_mesh_bbox_nearest_cell,False,5.714850864316751,-1,5733,5733,0,4.8379232913584636,-4.735565165850393,5.885877639538768
Charac. Bohrungen,BCD-A35,BCD-A35 Anfang,BCD-A35 Ende,0,41,0.0,0.0,3.9890223393278927,0.1,13.472919988050535,-0.5765429999999856,outside_mesh_bbox_nearest_cell,False,8.472919988050535,-1,5763,5763,0,4.91221400377144,-0.7390450159297993,8.562248177578898
Charac. Bohrungen,BCD-A35,BCD-A35 Anfang,BCD-A35 Ende,1,41,0.025,0.09972555848319732,3.9890223393278927,0.1,13.56841809814066,-0.6052709999999866,outside_mesh_bbox_nearest_cell,False,8.56841809814066,-1,5763,5763,0,4.91221400377144,-0.7390450159297993,8.657237712498857
Charac. Bohrungen,BCD-A35,BCD-A35 Anfang,BCD-A35 Ende,2,41,0.05,0.19945111696639464,3.9890223393278927,0.1,13.663916208230784,-0.6339989999999875,outside_mesh_bbox_nearest_cell,False,8.663916208230784,-1,5763,5763,0,4.91221400377144,-0.7390450159297993,8.752332611424299
Charac. Bohrungen,BCD-A35,BCD-A35 Anfang,BCD-A35 Ende,3,41,0.075,0.2991766754495919,3.9890223393278927,0.1,13.759414318320909,-0.6627269999999885,outside_mesh_bbox_nearest_cell,False,8.759414318320909,-1,5763,5763,0,4.91221400377144,-0.7390450159297993,8.847529476939858
Charac. Bohrungen,BCD-A35,BCD-A35 Anfang,BCD-A35 Ende,4,41,0.1,0.3989022339327893,3.9890223393278927,0.1,13.854912428411033,-0.6914549999999895,outside_mesh_bbox_nearest_cell,False,8.854912428411033,-1,5763,5763,0,4.91221400377144,-0.7390450159297993,8.942825052726219
Charac. Bohrungen,BCD-A35,BCD-A35 Anfang,BCD-A35 Ende,5,41,0.125,0.4986277924159866,3.9890223393278927,0.1,13.950410538501158,-0.7201829999999905,outside_mesh_bbox_nearest_cell,False,8.950410538501158,-1,5763,5763,0,4.91221400377144,-0.7390450159297993,9.03821621649124
Charac. Bohrungen,BCD-A35,BCD-A35 Anfang,BCD-A35 Ende,6,41,0.15,0.5983533508991838,3.9890223393278927,0.1,14.045908648591283,-0.7489109999999914,outside_mesh_bbox_nearest_cell,False,9.045908648591283,-1,5763,5763,0,4.91221400377144,-0.7390450159297993,9.133699973310508
Charac. Bohrungen,BCD-A35,BCD-A35 Anfang,BCD-A35 Ende,7,41,0.175,0.6980789093823812,3.9890223393278927,0.1,14.141406758681407,-0.7776389999999924,outside_mesh_bbox_nearest_cell,False,9.141406758681407,-1,5763,5763,0,4.91221400377144,-0.7390450159297993,9.22927344935066
Charac. Bohrungen,BCD-A35,BCD-A35 Anfang,BCD-A35 Ende,8,41,0.2,0.7978044678655786,3.9890223393278927,0.1,14.236904868771532,-0.8063669999999934,outside_mesh_bbox_nearest_cell,False,9.236904868771532,-1,5763,5763,0,4.91221400377144,-0.7390450159297993,9.3249338859509
Charac. Bohrungen,BCD-A35,BCD-A35 Anfang,BCD-A35 Ende,9,41,0.225,0.8975300263487759,3.9890223393278927,0.1,14.332402978861657,-0.8350949999999944,outside_mesh_bbox_nearest_cell,False,9.332402978861657,-1,5763,5763,0,4.91221400377144,-0.7390450159297993,9.420678634039648
Charac. Bohrungen,BCD-A35,BCD-A35 Anfang,BCD-A35 Ende,10,41,0.25,0.9972555848319732,3.9890223393278927,0.1,14.427901088951781,-0.8638229999999953,outside_mesh_bbox_nearest_cell,False,9.427901088951781,-1,5763,5763,0,4.91221400377144,-0.7390450159297993,9.516505148865132
Charac. Bohrungen,BCD-A35,BCD-A35 Anfang,BCD-A35 Ende,11,41,0.275,1.0969811433151706,3.9890223393278927,0.1,14.523399199041904,-0.8925509999999963,outside_mesh_bbox_nearest_cell,False,9.523399199041904,-1,5763,5763,0,4.91221400377144,-0.7390450159297993,9.612410985019915
Charac. Bohrungen,BCD-A35,BCD-A35 Anfang,BCD-A35 Ende,12,41,0.3,1.1967067017983677,3.9890223393278927,0.1,14.618897309132029,-0.9212789999999973,outside_mesh_bbox_nearest_cell,False,9.618897309132029,-1,5763,5763,0,4.91221400377144,-0.7390450159297993,9.708393791741043
Charac. Bohrungen,BCD-A35,BCD-A35 Anfang,BCD-A35 Ende,13,41,0.325,1.2964322602815652,3.9890223393278927,0.1,14.714395419222154,-0.9500069999999983,outside_mesh_bbox_nearest_cell,False,9.714395419222154,-1,5763,5763,0,4.91221400377144,-0.7390450159297993,9.804451308468527
Charac. Bohrungen,BCD-A35,BCD-A35 Anfang,BCD-A35 Ende,14,41,0.35,1.3961578187647623,3.9890223393278927,0.1,14.809893529312278,-0.9787349999999992,outside_mesh_bbox_nearest_cell,False,9.809893529312278,-1,5763,5763,0,4.91221400377144,-0.7390450159297993,9.900581360646145
Charac. Bohrungen,BCD-A35,BCD-A35 Anfang,BCD-A35 Ende,15,41,0.375,1.4958833772479598,3.9890223393278927,0.1,14.905391639402403,-1.0074630000000002,outside_mesh_bbox_nearest_cell,False,9.905391639402403,-1,5763,5763,0,4.91221400377144,-0.7390450159297993,9.996781855749738
Charac. Bohrungen,BCD-A35,BCD-A35 Anfang,BCD-A35 Ende,16,41,0.4,1.5956089357311571,3.9890223393278927,0.1,15.000889749492528,-1.0361910000000012,outside_mesh_bbox_nearest_cell,False,10.000889749492528,-1,5763,5763,0,4.91221400377144,-0.7390450159297993,10.093050779528951
Charac. Bohrungen,BCD-A35,BCD-A35 Anfang,BCD-A35 Ende,17,41,0.425,1.6953344942143544,3.9890223393278927,0.1,15.096387859582652,-1.0649190000000022,outside_mesh_bbox_nearest_cell,False,10.096387859582652,-1,5763,5763,0,4.91221400377144,-0.7390450159297993,10.189386192449595
Charac. Bohrungen,BCD-A35,BCD-A35 Anfang,BCD-A35 Ende,18,41,0.45,1.7950600526975518,3.9890223393278927,0.1,15.191885969672777,-1.0936470000000031,outside_mesh_bbox_nearest_cell,False,10.191885969672777,-1,5763,5763,0,4.91221400377144,-0.7390450159297993,10.285786226324383
Charac. Bohrungen,BCD-A35,BCD-A35 Anfang,BCD-A35 Ende,19,41,0.475,1.894785611180749,3.9890223393278927,0.1,15.287384079762901,-1.1223750000000041,outside_mesh_bbox_nearest_cell,False,10.287384079762901,-1,5763,5763,0,4.91221400377144,-0.7390450159297993,10.382249081120909
Charac. Bohrungen,BCD-A35,BCD-A35 Anfang,BCD-A35 Ende,20,41,0.5,1.9945111696639464,3.9890223393278927,0.1,15.382882189853026,-1.151103000000005,outside_mesh_bbox_nearest_cell,False,10.382882189853026,-1,5763,5763,0,4.91221400377144,-0.7390450159297993,10.478773021936158
Charac. Bohrungen,BCD-A35,BCD-A35 Anfang,BCD-A35 Ende,21,41,0.525,2.094236728147144,3.9890223393278927,0.1,15.47838029994315,-1.179831000000006,outside_mesh_bbox_nearest_cell,False,10.47838029994315,-1,5763,5763,0,4.91221400377144,-0.7390450159297993,10.575356376127841
Charac. Bohrungen,BCD-A35,BCD-A35 Anfang,BCD-A35 Ende,22,41,0.55,2.193962286630341,3.9890223393278927,0.1,15.573878410033275,-1.208559000000007,outside_mesh_bbox_nearest_cell,False,10.573878410033275,-1,5763,5763,0,4.91221400377144,-0.7390450159297993,10.671997530593229
Charac. Bohrungen,BCD-A35,BCD-A35 Anfang,BCD-A35 Ende,23,41,0.575,2.293687845113538,3.9890223393278927,0.1,15.6693765201234,-1.237287000000008,outside_mesh_bbox_nearest_cell,False,10.6693765201234,-1,5763,5763,0,4.91221400377144,-0.7390450159297993,10.768694929187003
Charac. Bohrungen,BCD-A35,BCD-A35 Anfang,BCD-A35 Ende,24,41,0.6,2.3934134035967354,3.9890223393278927,0.1,15.764874630213525,-1.266015000000009,outside_mesh_bbox_nearest_cell,False,10.764874630213525,-1,5763,5763,0,4.91221400377144,-0.7390450159297993,10.865447070269923
Charac. Bohrungen,BCD-A35,BCD-A35 Anfang,BCD-A35 Ende,25,41,0.625,2.493138962079933,3.9890223393278927,0.1,15.86037274030365,-1.29474300000001,outside_mesh_bbox_nearest_cell,False,10.86037274030365,-1,5763,5763,0,4.91221400377144,-0.7390450159297993,10.962252504380944
Charac. Bohrungen,BCD-A35,BCD-A35 Anfang,BCD-A35 Ende,26,41,0.65,2.5928645205631304,3.9890223393278927,0.1,15.955870850393774,-1.323471000000011,outside_mesh_bbox_nearest_cell,False,10.955870850393774,-1,5763,5763,0,4.91221400377144,-0.7390450159297993,11.059109832025577
Charac. Bohrungen,BCD-A35,BCD-A35 Anfang,BCD-A35 Ende,27,41,0.675,2.6925900790463277,3.9890223393278927,0.1,16.0513689604839,-1.352199000000012,outside_mesh_bbox_nearest_cell,False,11.051368960483899,-1,5763,5763,0,4.91221400377144,-0.7390450159297993,11.156017701574022
Charac. Bohrungen,BCD-A35,BCD-A35 Anfang,BCD-A35 Ende,28,41,0.7,2.7923156375295246,3.9890223393278927,0.1,16.14686707057402,-1.380927000000013,outside_mesh_bbox_nearest_cell,False,11.146867070574022,-1,5763,5763,0,4.91221400377144,-0.7390450159297993,11.25297480726277
Charac. Bohrungen,BCD-A35,BCD-A35 Anfang,BCD-A35 Ende,29,41,0.725,2.8920411960127224,3.9890223393278927,0.1,16.242365180664148,-1.4096550000000139,outside_mesh_bbox_nearest_cell,False,11.242365180664148,-1,5763,5763,0,4.91221400377144,-0.7390450159297993,11.349979887293982
Charac. Bohrungen,BCD-A35,BCD-A35 Anfang,BCD-A35 Ende,30,41,0.75,2.9917667544959197,3.9890223393278927,0.1,16.33786329075427,-1.4383830000000148,outside_mesh_bbox_nearest_cell,False,11.337863290754271,-1,5763,5763,0,4.91221400377144,-0.7390450159297993,11.4470317220271
Charac. Bohrungen,BCD-A35,BCD-A35 Anfang,BCD-A35 Ende,31,41,0.775,3.091492312979117,3.9890223393278927,0.1,16.433361400844397,-1.4671110000000158,outside_mesh_bbox_nearest_cell,False,11.433361400844397,-1,5763,5763,0,4.91221400377144,-0.7390450159297993,11.544129132257709
Charac. Bohrungen,BCD-A35,BCD-A35 Anfang,BCD-A35 Ende,32,41,0.8,3.1912178714623143,3.9890223393278927,0.1,16.52885951093452,-1.4958390000000168,outside_mesh_bbox_nearest_cell,False,11.52885951093452,-1,5763,5763,0,4.91221400377144,-0.7390450159297993,11.641270977578742
Charac. Bohrungen,BCD-A35,BCD-A35 Anfang,BCD-A35 Ende,33,41,0.825,3.290943429945511,3.9890223393278927,0.1,16.624357621024647,-1.5245670000000178,outside_mesh_bbox_nearest_cell,False,11.624357621024647,-1,5828,5828,0,4.8906615029022005,-1.78181480040215,11.736515710518752
Charac. Bohrungen,BCD-A35,BCD-A35 Anfang,BCD-A35 Ende,34,41,0.85,3.390668988428709,3.9890223393278927,0.1,16.71985573111477,-1.5532950000000187,outside_mesh_bbox_nearest_cell,False,11.71985573111477,-1,5828,5828,0,4.8906615029022005,-1.78181480040215,11.831401328158613
Charac. Bohrungen,BCD-A35,BCD-A35 Anfang,BCD-A35 Ende,35,41,0.875,3.490394546911906,3.9890223393278927,0.1,16.815353841204896,-1.5820230000000197,outside_mesh_bbox_nearest_cell,False,11.815353841204896,-1,5828,5828,0,4.8906615029022005,-1.78181480040215,11.926365922890465
Charac. Bohrungen,BCD-A35,BCD-A35 Anfang,BCD-A35 Ende,36,41,0.9,3.5901201053951035,3.9890223393278927,0.1,16.91085195129502,-1.6107510000000207,outside_mesh_bbox_nearest_cell,False,11.910851951295019,-1,5828,5828,0,4.8906615029022005,-1.78181480040215,12.02140762304656
Charac. Bohrungen,BCD-A35,BCD-A35 Anfang,BCD-A35 Ende,37,41,0.925,3.689845663878301,3.9890223393278927,0.1,17.006350061385145,-1.6394790000000217,outside_mesh_bbox_nearest_cell,False,12.006350061385145,-1,5828,5828,0,4.8906615029022005,-1.78181480040215,12.116524614188286
Charac. Bohrungen,BCD-A35,BCD-A35 Anfang,BCD-A35 Ende,38,41,0.95,3.789571222361498,3.9890223393278927,0.1,17.101848171475268,-1.6682070000000226,outside_mesh_bbox_nearest_cell,False,12.101848171475268,-1,5828,5828,0,4.8906615029022005,-1.78181480040215,12.211715136992378
Charac. Bohrungen,BCD-A35,BCD-A35 Anfang,BCD-A35 Ende,39,41,0.975,3.8892967808446954,3.9890223393278927,0.1,17.197346281565395,-1.6969350000000236,outside_mesh_bbox_nearest_cell,False,12.197346281565395,-1,5828,5828,0,4.8906615029022005,-1.78181480040215,12.306977485227502
Charac. Bohrungen,BCD-A35,BCD-A35 Anfang,BCD-A35 Ende,40,41,1.0,3.9890223393278927,3.9890223393278927,0.1,17.292844391655517,-1.7256630000000246,outside_mesh_bbox_nearest_cell,False,12.292844391655517,-1,5828,5828,0,4.8906615029022005,-1.78181480040215,12.402310003816787
Taupe,BCD-A3,BCD-A3 Anfang,BCD-A3 Ende,0,46,0.0,0.0,4.499999984171918,0.1,-1.1707415555298075,0.03901299999998398,inside_cell,True,0.0,2959,2959,2959,1,-1.1705787362973867,0.04618698329279903,0.007175830710658912
Taupe,BCD-A3,BCD-A3 Anfang,BCD-A3 Ende,1,46,0.022222222222222223,0.09999999964826485,4.499999984171918,0.1,-1.2692223304290964,0.02164818197938401,inside_cell,True,0.0,1107,1107,1107,1,-1.2679258406161935,0.0209386799326446,0.0014779306442754098
Taupe,BCD-A3,BCD-A3 Anfang,BCD-A3 Ende,2,46,0.044444444444444446,0.1999999992965297,4.499999984171918,0.1,-1.3677031053283855,0.004283363958784044,inside_cell,True,0.0,6166,6166,6166,0,-1.3765115242380233,-0.002152631711135166,0.010909183468568283
Taupe,BCD-A3,BCD-A3 Anfang,BCD-A3 Ende,3,46,0.06666666666666667,0.2999999989447945,4.499999984171918,0.1,-1.4661838802276743,-0.013081454061815927,inside_cell,True,0.0,9058,9072,9058,0,-1.4734254982216666,-0.004633342644486696,0.011127066895211916
Taupe,BCD-A3,BCD-A3 Anfang,BCD-A3 Ende,4,46,0.08888888888888889,0.3999999985930594,4.499999984171918,0.1,-1.5646646551269634,-0.03044627208241589,inside_cell,True,0.0,9487,9487,9487,0,-1.5547526138239498,-0.03804251141498213,0.012488050880352543
Taupe,BCD-A3,BCD-A3 Anfang,BCD-A3 Ende,5,46,0.1111111111111111,0.4999999982413242,4.499999984171918,0.1,-1.6631454300262523,-0.04781109010301586,inside_cell,True,0.0,8929,7036,8929,0,-1.6770380678113568,-0.026583202243056256,0.025369836570682404
Taupe,BCD-A3,BCD-A3 Anfang,BCD-A3 Ende,6,46,0.13333333333333333,0.599999997889589,4.499999984171918,0.1,-1.7616262049255411,-0.06517590812361583,inside_cell,True,0.0,8637,8637,8637,0,-1.7522586152617132,-0.04977678365533997,0.0180245602026598
Taupe,BCD-A3,BCD-A3 Anfang,BCD-A3 Ende,7,46,0.15555555555555556,0.6999999975378539,4.499999984171918,0.1,-1.8601069798248302,-0.0825407261442158,inside_cell,True,0.0,4742,7236,4742,0,-1.8984075603609931,-0.0894166860441943,0.038912893672319135
Taupe,BCD-A3,BCD-A3 Anfang,BCD-A3 Ende,8,46,0.17777777777777778,0.7999999971861188,4.499999984171918,0.1,-1.958587754724119,-0.09990554416481576,inside_cell,True,0.0,7252,7252,7252,0,-1.9538271588738434,-0.0955768407955539,0.006434356666265932
Taupe,BCD-A3,BCD-A3 Anfang,BCD-A3 Ende,9,46,0.2,0.8999999968343837,4.499999984171918,0.1,-2.057068529623408,-0.11727036218541576,inside_cell,True,0.0,4746,4746,4746,0,-2.0470499371749664,-0.15212623940581235,0.03626712521625241
Taupe,BCD-A3,BCD-A3 Anfang,BCD-A3 Ende,10,46,0.2222222222222222,0.9999999964826484,4.499999984171918,0.1,-2.155549304522697,-0.1346351802060157,inside_cell,True,0.0,4205,4205,4205,0,-2.1832575464197936,-0.10853875769082137,0.03806271058555293
Taupe,BCD-A3,BCD-A3 Anfang,BCD-A3 Ende,11,46,0.24444444444444444,1.0999999961309133,4.499999984171918,0.1,-2.2540300794219856,-0.15199999822661567,inside_cell,True,0.0,4206,4206,4206,0,-2.1973774467139133,-0.18640066593855464,0.06627915759711332
Taupe,BCD-A3,BCD-A3 Anfang,BCD-A3 Ende,12,46,0.26666666666666666,1.199999995779178,4.499999984171918,0.1,-2.3525108543212747,-0.16936481624721564,inside_cell,True,0.0,7721,7721,7721,0,-2.32687430129828,-0.19128921992549167,0.0337329561045102
Taupe,BCD-A3,BCD-A3 Anfang,BCD-A3 Ende,13,46,0.28888888888888886,1.2999999954274428,4.499999984171918,0.1,-2.450991629220564,-0.18672963426781558,inside_cell,True,0.0,6274,6274,6274,0,-2.4674056829763233,-0.1951240348684947,0.01843602782981318
Taupe,BCD-A3,BCD-A3 Anfang,BCD-A3 Ende,14,46,0.3111111111111111,1.3999999950757078,4.499999984171918,0.1,-2.549472404119853,-0.20409445228841558,inside_cell,True,0.0,3898,3898,3898,0,-2.55977148714015,-0.23209986999413168,0.029839144289516912
Taupe,BCD-A3,BCD-A3 Anfang,BCD-A3 Ende,15,46,0.3333333333333333,1.4999999947239726,4.499999984171918,0.1,-2.6479531790191415,-0.22145927030901552,inside_cell,True,0.0,3899,3899,3899,0,-2.64582748192337,-0.1517755630068236,0.06971612189099827
Taupe,BCD-A3,BCD-A3 Anfang,BCD-A3 Ende,16,46,0.35555555555555557,1.5999999943722376,4.499999984171918,0.1,-2.7464339539184306,-0.2388240883296155,inside_cell,True,0.0,3900,3900,3900,0,-2.747082239418193,-0.17277657247937794,0.0660506973776703
Taupe,BCD-A3,BCD-A3 Anfang,BCD-A3 Ende,17,46,0.37777777777777777,1.6999999940205024,4.499999984171918,0.1,-2.8449147288177192,-0.25618890635021546,inside_cell,True,0.0,5527,5527,5527,0,-2.8005168243304133,-0.283484545805064,0.05211742372866321
Taupe,BCD-A3,BCD-A3 Anfang,BCD-A3 Ende,18,46,0.4,1.7999999936687674,4.499999984171918,0.1,-2.9433955037170083,-0.2735537243708155,inside_cell,True,0.0,6148,6148,6148,0,-2.9135960710035462,-0.2505516594792367,0.03764440435603353
Taupe,BCD-A3,BCD-A3 Anfang,BCD-A3 Ende,19,46,0.4222222222222222,1.899999993317032,4.499999984171918,0.1,-3.0418762786162974,-0.2909185423914154,inside_cell,True,0.0,6147,6147,6147,0,-3.0033513602912,-0.31597613247798334,0.04595706858473354
Taupe,BCD-A3,BCD-A3 Anfang,BCD-A3 Ende,20,46,0.4444444444444444,1.9999999929652967,4.499999984171918,0.1,-3.1403570535155865,-0.3082833604120154,inside_cell,True,0.0,6145,6145,6145,0,-3.1202287327741165,-0.24391220933239333,0.06744475062736177
Taupe,BCD-A3,BCD-A3 Anfang,BCD-A3 Ende,21,46,0.4666666666666667,2.099999992613562,4.499999984171918,0.1,-3.2388378284148756,-0.32564817843261534,inside_cell,True,0.0,5466,5466,5466,0,-3.244627176989667,-0.302818621185513,0.023552181236971684
Taupe,BCD-A3,BCD-A3 Anfang,BCD-A3 Ende,22,46,0.4888888888888889,2.1999999922618265,4.499999984171918,0.1,-3.337318603314164,-0.3430129964532153,inside_cell,True,0.0,5466,5466,5466,0,-3.244627176989667,-0.302818621185513,0.10103112548730019
Taupe,BCD-A3,BCD-A3 Anfang,BCD-A3 Ende,23,46,0.5111111111111111,2.299999991910091,4.499999984171918,0.1,-3.435799378213453,-0.36037781447381523,inside_cell,True,0.0,3922,3922,3922,0,-3.5331402869381563,-0.28204995365964464,0.12494201171373516
Taupe,BCD-A3,BCD-A3 Anfang,BCD-A3 Ende,24,46,0.5333333333333333,2.399999991558356,4.499999984171918,0.1,-3.534280153112742,-0.37774263249441525,inside_cell,True,0.0,4347,4347,4347,0,-3.524701359050013,-0.45533855358889763,0.07818491073216943
Taupe,BCD-A3,BCD-A3 Anfang,BCD-A3 Ende,25,46,0.5555555555555556,2.499999991206621,4.499999984171918,0.1,-3.632760928012031,-0.3951074505150152,inside_cell,True,0.0,4347,4347,4347,0,-3.524701359050013,-0.45533855358889763,0.12371198899764621
Taupe,BCD-A3,BCD-A3 Anfang,BCD-A3 Ende,26,46,0.5777777777777777,2.5999999908548856,4.499999984171918,0.1,-3.7312417029113196,-0.41247226853561514,inside_cell,True,0.0,4346,4346,4346,0,-3.8172247894120996,-0.47008717894641366,0.10350154136941614
Taupe,BCD-A3,BCD-A3 Anfang,BCD-A3 Ende,27,46,0.6,2.6999999905031506,4.499999984171918,0.1,-3.8297224778106087,-0.4298370865562151,inside_cell,True,0.0,4346,4346,4346,0,-3.8172247894120996,-0.47008717894641366,0.042145725201089466
Taupe,BCD-A3,BCD-A3 Anfang,BCD-A3 Ende,28,46,0.6222222222222222,2.7999999901514157,4.499999984171918,0.1,-3.928203252709898,-0.44720190457681513,inside_cell,True,0.0,4346,4346,4346,0,-3.8172247894120996,-0.47008717894641366,0.11331352566623515
Taupe,BCD-A3,BCD-A3 Anfang,BCD-A3 Ende,29,46,0.6444444444444445,2.8999999897996807,4.499999984171918,0.1,-4.026684027609187,-0.46456672259741516,inside_cell,True,0.0,6173,6173,6173,0,-4.123051402118547,-0.4998286496906957,0.1026161506399405
Taupe,BCD-A3,BCD-A3 Anfang,BCD-A3 Ende,30,46,0.6666666666666666,2.999999989447945,4.499999984171918,0.1,-4.1251648025084755,-0.481931540618015,inside_cell,True,0.0,6173,6173,6173,0,-4.123051402118547,-0.4998286496906957,0.018021458719193063
Taupe,BCD-A3,BCD-A3 Anfang,BCD-A3 Ende,31,46,0.6888888888888889,3.09999998909621,4.499999984171918,0.1,-4.223645577407765,-0.499296358638615,inside_cell,True,0.0,6173,6173,6173,0,-4.123051402118547,-0.4998286496906957,0.10059558358040387
Taupe,BCD-A3,BCD-A3 Anfang,BCD-A3 Ende,32,46,0.7111111111111111,3.199999988744475,4.499999984171918,0.1,-4.322126352307054,-0.516661176659215,inside_cell,True,0.0,4582,4582,4582,0,-4.26558272583356,-0.6190438077146894,0.11695890234016136
Taupe,BCD-A3,BCD-A3 Anfang,BCD-A3 Ende,33,46,0.7333333333333333,3.29999998839274,4.499999984171918,0.1,-4.420607127206342,-0.5340259946798149,inside_cell,True,0.0,4581,4581,4581,0,-4.4460930748114,-0.5225636240508637,0.027944936317036324
Taupe,BCD-A3,BCD-A3 Anfang,BCD-A3 Ende,34,46,0.7555555555555555,3.399999988041005,4.499999984171918,0.1,-4.519087902105632,-0.5513908127004149,inside_cell,True,0.0,4581,4581,4581,0,-4.4460930748114,-0.5225636240508637,0.07848089969636907
Taupe,BCD-A3,BCD-A3 Anfang,BCD-A3 Ende,35,46,0.7777777777777778,3.49999998768927,4.499999984171918,0.1,-4.61756867700492,-0.5687556307210149,inside_cell,True,0.0,4583,4583,4583,0,-4.587558703228743,-0.6510200033641653,0.08756726290354139
Taupe,BCD-A3,BCD-A3 Anfang,BCD-A3 Ende,36,46,0.8,3.599999987337535,4.499999984171918,0.1,-4.71604945190421,-0.586120448741615,inside_cell,True,0.0,6105,6105,6105,0,-4.7848143661537,-0.567495674054336,0.07124251303745287
Taupe,BCD-A3,BCD-A3 Anfang,BCD-A3 Ende,37,46,0.8222222222222222,3.699999986985799,4.499999984171918,0.1,-4.814530226803498,-0.6034852667622148,inside_cell,True,0.0,6105,6105,6105,0,-4.7848143661537,-0.567495674054336,0.046672081134627154
Taupe,BCD-A3,BCD-A3 Anfang,BCD-A3 Ende,38,46,0.8444444444444444,3.799999986634064,4.499999984171918,0.1,-4.913011001702787,-0.6208500847828148,inside_cell,True,0.0,5769,6105,5769,0,-4.7848143661537,-0.567495674054336,0.1388562944568545
Taupe,BCD-A3,BCD-A3 Anfang,BCD-A3 Ende,39,46,0.8666666666666667,3.899999986282329,4.499999984171918,0.1,-5.011491776602076,-0.6382149028034148,outside_mesh_bbox_nearest_cell,False,0.011491776602076342,-1,5769,5769,0,-4.90408528721537,-0.7638124386552594,0.1652600828222958
Taupe,BCD-A3,BCD-A3 Anfang,BCD-A3 Ende,40,46,0.8888888888888888,3.9999999859305935,4.499999984171918,0.1,-5.1099725515013645,-0.6555797208240147,outside_mesh_bbox_nearest_cell,False,0.10997255150136453,-1,5769,5769,0,-4.90408528721537,-0.7638124386552594,0.23260242218065744
Taupe,BCD-A3,BCD-A3 Anfang,BCD-A3 Ende,41,46,0.9111111111111111,4.099999985578859,4.499999984171918,0.1,-5.2084533264006545,-0.6729445388446147,outside_mesh_bbox_nearest_cell,False,0.2084533264006545,-1,5769,5769,0,-4.90408528721537,-0.7638124386552594,0.3176426899733288
Taupe,BCD-A3,BCD-A3 Anfang,BCD-A3 Ende,42,46,0.9333333333333333,4.199999985227124,4.499999984171918,0.1,-5.306934101299944,-0.6903093568652147,outside_mesh_bbox_nearest_cell,False,0.3069341012999436,-1,5769,5769,0,-4.90408528721537,-0.7638124386552594,0.4094995360705325
Taupe,BCD-A3,BCD-A3 Anfang,BCD-A3 Ende,43,46,0.9555555555555556,4.299999984875389,4.499999984171918,0.1,-5.405414876199233,-0.7076741748858146,outside_mesh_bbox_nearest_cell,False,0.40541487619923267,-1,5769,5769,0,-4.90408528721537,-0.7638124386552594,0.5044629435843394
Taupe,BCD-A3,BCD-A3 Anfang,BCD-A3 Ende,44,46,0.9777777777777777,4.399999984523653,4.499999984171918,0.1,-5.503895651098521,-0.7250389929064146,outside_mesh_bbox_nearest_cell,False,0.5038956510985209,-1,5769,5769,0,-4.90408528721537,-0.7638124386552594,0.6010622702489955
Taupe,BCD-A3,BCD-A3 Anfang,BCD-A3 Ende,45,46,1.0,4.499999984171918,4.499999984171918,0.1,-5.60237642599781,-0.7424038109270146,outside_mesh_bbox_nearest_cell,False,0.6023764259978099,-1,5769,5769,0,-4.90408528721537,-0.7638124386552594,0.6986192409626888
Taupe,BCD-A4,BCD-A4 Anfang,BCD-A4 Ende,0,45,0.0,0.0,4.399999999999978,0.1,-0.020680254903337136,-1.1089870000000406,inside_mesh_bbox_nearest_cell,True,0.0,-1,3019,3019,1,-0.023817440607677234,-1.1445621439100433,0.03571320201775415
Taupe,BCD-A4,BCD-A4 Anfang,BCD-A4 Ende,1,45,0.022727272727272728,0.0999999999999995,4.399999999999978,0.1,-0.020680256038215026,-1.20898700000004,inside_cell,True,0.0,2380,2380,2380,1,-0.018291896524391733,-1.2153157859415067,0.0067644506547225695
Taupe,BCD-A4,BCD-A4 Anfang,BCD-A4 Ende,2,45,0.045454545454545456,0.199999999999999,4.399999999999978,0.1,-0.020680257173092912,-1.3089870000000396,inside_cell,True,0.0,1640,1640,1640,1,-0.02994477785655217,-1.3023728056749733,0.011383273257898391
Taupe,BCD-A4,BCD-A4 Anfang,BCD-A4 Ende,3,45,0.06818181818181818,0.2999999999999985,4.399999999999978,0.1,-0.0206802583079708,-1.408987000000039,inside_cell,True,0.0,9815,9815,9815,0,-0.026706486690821613,-1.4123138877431967,0.006883575421091056
Taupe,BCD-A4,BCD-A4 Anfang,BCD-A4 Ende,4,45,0.09090909090909091,0.399999999999998,4.399999999999978,0.1,-0.02068025944284869,-1.5089870000000385,inside_cell,True,0.0,9075,9075,9075,0,-0.018766986238279344,-1.5054917585474434,0.003984636390846955
Taupe,BCD-A4,BCD-A4 Anfang,BCD-A4 Ende,5,45,0.11363636363636363,0.4999999999999975,4.399999999999978,0.1,-0.02068026057772658,-1.608987000000038,inside_cell,True,0.0,6365,6365,6365,0,-0.03824806572081956,-1.6155719268518733,0.018761370930443954
Taupe,BCD-A4,BCD-A4 Anfang,BCD-A4 Ende,6,45,0.13636363636363635,0.599999999999997,4.399999999999978,0.1,-0.020680261712604467,-1.7089870000000373,inside_cell,True,0.0,7888,7889,7888,0,-0.00020849556164520555,-1.70434440945285,0.020991590133393783
Taupe,BCD-A4,BCD-A4 Anfang,BCD-A4 Ende,7,45,0.1590909090909091,0.6999999999999965,4.399999999999978,0.1,-0.020680262847482356,-1.808987000000037,inside_cell,True,0.0,8630,8542,8630,0,-0.0198554808177262,-1.7786391175453133,0.030359088176068985
Taupe,BCD-A4,BCD-A4 Anfang,BCD-A4 Ende,8,45,0.18181818181818182,0.799999999999996,4.399999999999978,0.1,-0.020680263982360246,-1.9089870000000366,inside_cell,True,0.0,3803,3803,3803,0,-0.005065677590694498,-1.87271476923575,0.039490378990337076
Taupe,BCD-A4,BCD-A4 Anfang,BCD-A4 Ende,9,45,0.20454545454545456,0.8999999999999956,4.399999999999978,0.1,-0.020680265117238136,-2.008987000000036,inside_cell,True,0.0,7102,7102,7102,0,0.0075160160603299315,-2.0068042996429267,0.02828063742374637
Taupe,BCD-A4,BCD-A4 Anfang,BCD-A4 Ende,10,45,0.22727272727272727,0.999999999999995,4.399999999999978,0.1,-0.020680266252116022,-2.1089870000000355,inside_cell,True,0.0,4705,4705,4705,0,-0.03795927957446701,-2.1202846460298033,0.020644638703738817
Taupe,BCD-A4,BCD-A4 Anfang,BCD-A4 Ende,11,45,0.25,1.0999999999999945,4.399999999999978,0.1,-0.02068026738699391,-2.208987000000035,inside_cell,True,0.0,4706,4706,4706,0,-0.04564838094099097,-2.1927337822702535,0.029792176506878088
Taupe,BCD-A4,BCD-A4 Anfang,BCD-A4 Ende,12,45,0.2727272727272727,1.199999999999994,4.399999999999978,0.1,-0.0206802685218718,-2.3089870000000343,inside_cell,True,0.0,4608,6561,4608,0,-0.028631225180812833,-2.365033694798107,0.05660785907964251
Taupe,BCD-A4,BCD-A4 Anfang,BCD-A4 Ende,13,45,0.29545454545454547,1.2999999999999936,4.399999999999978,0.1,-0.020680269656749687,-2.408987000000034,inside_cell,True,0.0,6560,6561,6560,0,-0.028631225180812833,-2.365033694798107,0.044666662421982806
Taupe,BCD-A4,BCD-A4 Anfang,BCD-A4 Ende,14,45,0.3181818181818182,1.399999999999993,4.399999999999978,0.1,-0.020680270791627577,-2.508987000000033,inside_cell,True,0.0,6560,6560,6560,0,-0.023816467439732734,-2.454295565064097,0.05478128133557419
Taupe,BCD-A4,BCD-A4 Anfang,BCD-A4 Ende,15,45,0.3409090909090909,1.4999999999999925,4.399999999999978,0.1,-0.020680271926505466,-2.608987000000033,inside_cell,True,0.0,5847,6544,5847,0,0.04175656063872634,-2.6035375460305663,0.06267419412600472
Taupe,BCD-A4,BCD-A4 Anfang,BCD-A4 Ende,16,45,0.36363636363636365,1.599999999999992,4.399999999999978,0.1,-0.020680273061383356,-2.7089870000000325,inside_cell,True,0.0,5847,5847,5847,0,-0.065454119590809,-2.6559699310670033,0.06939385369966224
Taupe,BCD-A4,BCD-A4 Anfang,BCD-A4 Ende,17,45,0.38636363636363635,1.6999999999999915,4.399999999999978,0.1,-0.020680274196261242,-2.8089870000000317,inside_cell,True,0.0,5797,5797,5797,0,-0.023569394327980803,-2.8465676299215734,0.037691521068210915
Taupe,BCD-A4,BCD-A4 Anfang,BCD-A4 Ende,18,45,0.4090909090909091,1.7999999999999912,4.399999999999978,0.1,-0.02068027533113913,-2.9089870000000313,inside_cell,True,0.0,6217,6217,6217,0,-0.04697206185716257,-2.964098672015167,0.061061890169187165
Taupe,BCD-A4,BCD-A4 Anfang,BCD-A4 Ende,19,45,0.4318181818181818,1.8999999999999906,4.399999999999978,0.1,-0.02068027646601702,-3.0089870000000305,inside_cell,True,0.0,6217,6217,6217,0,-0.04697206185716257,-2.964098672015167,0.05202134146992691
Taupe,BCD-A4,BCD-A4 Anfang,BCD-A4 Ende,20,45,0.45454545454545453,1.99999999999999,4.399999999999978,0.1,-0.02068027760089491,-3.10898700000003,inside_cell,True,0.0,4090,4090,4090,0,0.004215114409997399,-3.2141350842873435,0.10805507934691436
Taupe,BCD-A4,BCD-A4 Anfang,BCD-A4 Ende,21,45,0.4772727272727273,2.09999999999999,4.399999999999978,0.1,-0.020680278735772797,-3.20898700000003,inside_cell,True,0.0,4090,4090,4090,0,0.004215114409997399,-3.2141350842873435,0.02542210399852357
Taupe,BCD-A4,BCD-A4 Anfang,BCD-A4 Ende,22,45,0.5,2.199999999999989,4.399999999999978,0.1,-0.020680279870650686,-3.3089870000000294,inside_cell,True,0.0,6096,6096,6096,0,0.04870276912270233,-3.3678776676711433,0.09100614389349544
Taupe,BCD-A4,BCD-A4 Anfang,BCD-A4 Ende,23,45,0.5227272727272727,2.2999999999999883,4.399999999999978,0.1,-0.020680281005528576,-3.408987000000028,inside_cell,True,0.0,6096,6096,6096,0,0.04870276912270233,-3.3678776676711433,0.0806472866848185
Taupe,BCD-A4,BCD-A4 Anfang,BCD-A4 Ende,24,45,0.5454545454545454,2.399999999999988,4.399999999999978,0.1,-0.020680282140406462,-3.508987000000028,inside_cell,True,0.0,6838,6838,6838,0,-0.06421871880925634,-3.4785739289536832,0.053108853857313246
Taupe,BCD-A4,BCD-A4 Anfang,BCD-A4 Ende,25,45,0.5681818181818182,2.499999999999988,4.399999999999978,0.1,-0.02068028327528435,-3.6089870000000275,inside_cell,True,0.0,6637,6637,6637,0,-0.05817555676979106,-3.6505584869347403,0.05598289078272802
Taupe,BCD-A4,BCD-A4 Anfang,BCD-A4 Ende,26,45,0.5909090909090909,2.599999999999987,4.399999999999978,0.1,-0.02068028441016224,-3.708987000000027,inside_cell,True,0.0,6637,6637,6637,0,-0.05817555676979106,-3.6505584869347403,0.06942468284654342
Taupe,BCD-A4,BCD-A4 Anfang,BCD-A4 Ende,27,45,0.6136363636363636,2.699999999999987,4.399999999999978,0.1,-0.02068028554504013,-3.8089870000000268,inside_cell,True,0.0,3419,3419,3419,0,0.060302191251343264,-3.731467937023146,0.11210426697004167
Taupe,BCD-A4,BCD-A4 Anfang,BCD-A4 Ende,28,45,0.6363636363636364,2.799999999999986,4.399999999999978,0.1,-0.020680286679918017,-3.9089870000000264,inside_cell,True,0.0,4374,4374,4374,0,0.06620238291888993,-3.91918991176329,0.08747969870241078
Taupe,BCD-A4,BCD-A4 Anfang,BCD-A4 Ende,29,45,0.6590909090909091,2.8999999999999853,4.399999999999978,0.1,-0.020680287814795906,-4.008987000000025,inside_cell,True,0.0,4375,4375,4375,0,-0.03831106610392774,-4.025980255555214,0.024487038968492664
Taupe,BCD-A4,BCD-A4 Anfang,BCD-A4 Ende,30,45,0.6818181818181818,2.999999999999985,4.399999999999978,0.1,-0.020680288949673796,-4.108987000000025,inside_cell,True,0.0,4375,4375,4375,0,-0.03831106610392774,-4.025980255555214,0.08485849354301014
Taupe,BCD-A4,BCD-A4 Anfang,BCD-A4 Ende,31,45,0.7045454545454546,3.099999999999985,4.399999999999978,0.1,-0.020680290084551686,-4.2089870000000245,inside_cell,True,0.0,3923,3923,3923,0,-0.0018190457071440697,-4.228303198370466,0.026997445415271173
Taupe,BCD-A4,BCD-A4 Anfang,BCD-A4 Ende,32,45,0.7272727272727273,3.199999999999984,4.399999999999978,0.1,-0.02068029121942957,-4.308987000000024,inside_cell,True,0.0,3923,3923,3923,0,-0.0018190457071440697,-4.228303198370466,0.0828590515735762
Taupe,BCD-A4,BCD-A4 Anfang,BCD-A4 Ende,33,45,0.75,3.299999999999984,4.399999999999978,0.1,-0.02068029235430746,-4.408987000000024,inside_cell,True,0.0,5477,3923,5477,0,-0.0018190457071440697,-4.228303198370466,0.1816655795586892
Taupe,BCD-A4,BCD-A4 Anfang,BCD-A4 Ende,34,45,0.7727272727272727,3.399999999999983,4.399999999999978,0.1,-0.02068029348918535,-4.5089870000000225,inside_cell,True,0.0,5598,4575,5598,0,-0.21589432400170505,-4.462674816123523,0.20063234057437912
Taupe,BCD-A4,BCD-A4 Anfang,BCD-A4 Ende,35,45,0.7954545454545454,3.4999999999999822,4.399999999999978,0.1,-0.020680294624063237,-4.608987000000022,inside_cell,True,0.0,5598,5598,5598,0,-0.09626826232108683,-4.6999483300581995,0.11826878043896011
Taupe,BCD-A4,BCD-A4 Anfang,BCD-A4 Ende,36,45,0.8181818181818182,3.5999999999999823,4.399999999999978,0.1,-0.020680295758941127,-4.708987000000022,inside_cell,True,0.0,5598,5598,5598,0,-0.09626826232108683,-4.6999483300581995,0.07612646217523351
Taupe,BCD-A4,BCD-A4 Anfang,BCD-A4 Ende,37,45,0.8409090909090909,3.699999999999982,4.399999999999978,0.1,-0.020680296893819016,-4.808987000000021,inside_cell,True,0.0,5598,5598,5598,0,-0.09626826232108683,-4.6999483300581995,0.1326761925143898
Taupe,BCD-A4,BCD-A4 Anfang,BCD-A4 Ende,38,45,0.8636363636363636,3.799999999999981,4.399999999999978,0.1,-0.020680298028696906,-4.908987000000021,inside_cell,True,0.0,5598,5598,5598,0,-0.09626826232108683,-4.6999483300581995,0.22228519041293204
Taupe,BCD-A4,BCD-A4 Anfang,BCD-A4 Ende,39,45,0.8863636363636364,3.8999999999999804,4.399999999999978,0.1,-0.020680299163574792,-5.008987000000021,outside_mesh_bbox_nearest_cell,False,0.008987000000020728,-1,4100,4100,0,-0.2690081803347025,-4.88502313559377,0.2775495924073263
Taupe,BCD-A4,BCD-A4 Anfang,BCD-A4 Ende,40,45,0.9090909090909091,3.99999999999998,4.399999999999978,0.1,-0.02068030029845268,-5.1089870000000195,outside_mesh_bbox_nearest_cell,False,0.10898700000001948,-1,4100,4100,0,-0.2690081803347025,-4.88502313559377,0.33440476755434995
Taupe,BCD-A4,BCD-A4 Anfang,BCD-A4 Ende,41,45,0.9318181818181818,4.099999999999979,4.399999999999978,0.1,-0.02068030143333057,-5.208987000000019,outside_mesh_bbox_nearest_cell,False,0.20898700000001913,-1,4100,4100,0,-0.2690081803347025,-4.88502313559377,0.40819029983658944
Taupe,BCD-A4,BCD-A4 Anfang,BCD-A4 Ende,42,45,0.9545454545454546,4.19999999999998,4.399999999999978,0.1,-0.02068030256820846,-5.30898700000002,outside_mesh_bbox_nearest_cell,False,0.30898700000001966,-1,4100,4100,0,-0.2690081803347025,-4.88502313559377,0.49133704643380127
Taupe,BCD-A4,BCD-A4 Anfang,BCD-A4 Ende,43,45,0.9772727272727273,4.2999999999999785,4.399999999999978,0.1,-0.020680303703086347,-5.408987000000018,outside_mesh_bbox_nearest_cell,False,0.4089870000000184,-1,4100,4100,0,-0.2690081803347025,-4.88502313559377,0.5798317562154528
Taupe,BCD-A4,BCD-A4 Anfang,BCD-A4 Ende,44,45,1.0,4.399999999999978,4.399999999999978,0.1,-0.020680304837964236,-5.508987000000018,outside_mesh_bbox_nearest_cell,False,0.5089870000000181,-1,4100,4100,0,-0.2690081803347025,-4.88502313559377,0.6715635769110039
Taupe,BCD-A7,BCD-A7 Anfang,BCD-A7 Ende,0,44,0.0,0.0,4.299999983169249,0.1,13.4301496587296,-0.1449869999999851,outside_mesh_bbox_nearest_cell,False,8.4301496587296,-1,5763,5763,0,4.91221400377144,-0.7390450159297993,8.538625928584645
Taupe,BCD-A7,BCD-A7 Anfang,BCD-A7 Ende,1,44,0.023255813953488372,0.09999999960858719,4.299999983169249,0.1,13.5286304335886,-0.1623518180205899,outside_mesh_bbox_nearest_cell,False,8.5286304335886,-1,5763,5763,0,4.91221400377144,-0.7390450159297993,8.635693784319697
Taupe,BCD-A7,BCD-A7 Anfang,BCD-A7 Ende,2,44,0.046511627906976744,0.19999999921717437,4.299999983169249,0.1,13.627111208447598,-0.17971663604119467,outside_mesh_bbox_nearest_cell,False,8.627111208447598,-1,5763,5763,0,4.91221400377144,-0.7390450159297993,8.732827808025368
Taupe,BCD-A7,BCD-A7 Anfang,BCD-A7 Ende,3,44,0.06976744186046512,0.29999999882576156,4.299999983169249,0.1,13.725591983306595,-0.19708145406179944,outside_mesh_bbox_nearest_cell,False,8.725591983306595,-1,5763,5763,0,4.91221400377144,-0.7390450159297993,8.830025816074821
Taupe,BCD-A7,BCD-A7 Anfang,BCD-A7 Ende,4,44,0.09302325581395349,0.39999999843434875,4.299999983169249,0.1,13.824072758165594,-0.21444627208240424,outside_mesh_bbox_nearest_cell,False,8.824072758165594,-1,5763,5763,0,4.91221400377144,-0.7390450159297993,8.927285718532703
Taupe,BCD-A7,BCD-A7 Anfang,BCD-A7 Ende,5,44,0.11627906976744186,0.4999999980429359,4.299999983169249,0.1,13.922553533024592,-0.23181109010300904,outside_mesh_bbox_nearest_cell,False,8.922553533024592,-1,5763,5763,0,4.91221400377144,-0.7390450159297993,9.024605514255544
Taupe,BCD-A7,BCD-A7 Anfang,BCD-A7 Ende,6,44,0.13953488372093023,0.5999999976515231,4.299999983169249,0.1,14.02103430788359,-0.24917590812361382,outside_mesh_bbox_nearest_cell,False,9.02103430788359,-1,5763,5763,0,4.91221400377144,-0.7390450159297993,9.12198328629189
Taupe,BCD-A7,BCD-A7 Anfang,BCD-A7 Ende,7,44,0.16279069767441862,0.6999999972601103,4.299999983169249,0.1,14.11951508274259,-0.2665407261442186,outside_mesh_bbox_nearest_cell,False,9.11951508274259,-1,5763,5763,0,4.91221400377144,-0.7390450159297993,9.2194171975613
Taupe,BCD-A7,BCD-A7 Anfang,BCD-A7 Ende,8,44,0.18604651162790697,0.7999999968686975,4.299999983169249,0.1,14.217995857601586,-0.2839055441648234,outside_mesh_bbox_nearest_cell,False,9.217995857601586,-1,5763,5763,0,4.91221400377144,-0.7390450159297993,9.31690548679297
Taupe,BCD-A7,BCD-A7 Anfang,BCD-A7 Ende,9,44,0.20930232558139536,0.8999999964772847,4.299999983169249,0.1,14.316476632460585,-0.3012703621854282,outside_mesh_bbox_nearest_cell,False,9.316476632460585,-1,5763,5763,0,4.91221400377144,-0.7390450159297993,9.414446464706264
Taupe,BCD-A7,BCD-A7 Anfang,BCD-A7 Ende,10,44,0.23255813953488372,0.9999999960858718,4.299999983169249,0.1,14.414957407319584,-0.318635180206033,outside_mesh_bbox_nearest_cell,False,9.414957407319584,-1,5763,5763,0,4.91221400377144,-0.7390450159297993,9.512038510416737
Taupe,BCD-A7,BCD-A7 Anfang,BCD-A7 Ende,11,44,0.2558139534883721,1.099999995694459,4.299999983169249,0.1,14.513438182178582,-0.33599999822663773,outside_mesh_bbox_nearest_cell,False,9.513438182178582,-1,5763,5763,0,4.91221400377144,-0.7390450159297993,9.609680068052487
Taupe,BCD-A7,BCD-A7 Anfang,BCD-A7 Ende,12,44,0.27906976744186046,1.1999999953030462,4.299999983169249,0.1,14.611918957037581,-0.35336481624724253,outside_mesh_bbox_nearest_cell,False,9.611918957037581,-1,5763,5763,0,4.91221400377144,-0.7390450159297993,9.707369643566835
Taupe,BCD-A7,BCD-A7 Anfang,BCD-A7 Ende,13,44,0.3023255813953488,1.2999999949116332,4.299999983169249,0.1,14.71039973189658,-0.37072963426784733,outside_mesh_bbox_nearest_cell,False,9.71039973189658,-1,5763,5763,0,4.91221400377144,-0.7390450159297993,9.805105801734317
Taupe,BCD-A7,BCD-A7 Anfang,BCD-A7 Ende,14,44,0.32558139534883723,1.3999999945202206,4.299999983169249,0.1,14.808880506755578,-0.3880944522884521,outside_mesh_bbox_nearest_cell,False,9.808880506755578,-1,5763,5763,0,4.91221400377144,-0.7390450159297993,9.902887163318004
Taupe,BCD-A7,BCD-A7 Anfang,BCD-A7 Ende,15,44,0.3488372093023256,1.4999999941288078,4.299999983169249,0.1,14.907361281614575,-0.4054592703090569,outside_mesh_bbox_nearest_cell,False,9.907361281614575,-1,5763,5763,0,4.91221400377144,-0.7390450159297993,10.00071240239696
Taupe,BCD-A7,BCD-A7 Anfang,BCD-A7 Ende,16,44,0.37209302325581395,1.599999993737395,4.299999983169249,0.1,15.005842056473574,-0.4228240883296617,outside_mesh_bbox_nearest_cell,False,10.005842056473574,-1,5763,5763,0,4.91221400377144,-0.7390450159297993,10.098580243843575
Taupe,BCD-A7,BCD-A7 Anfang,BCD-A7 Ende,17,44,0.3953488372093023,1.699999993345982,4.299999983169249,0.1,15.104322831332572,-0.4401889063502664,outside_mesh_bbox_nearest_cell,False,10.104322831332572,-1,5763,5763,0,4.91221400377144,-0.7390450159297993,10.196489460941082
Taupe,BCD-A7,BCD-A7 Anfang,BCD-A7 Ende,18,44,0.4186046511627907,1.7999999929545694,4.299999983169249,0.1,15.202803606191571,-0.4575537243708713,outside_mesh_bbox_nearest_cell,False,10.202803606191571,-1,5763,5763,0,4.91221400377144,-0.7390450159297993,10.294438873132464
Taupe,BCD-A7,BCD-A7 Anfang,BCD-A7 Ende,19,44,0.4418604651162791,1.8999999925631565,4.299999983169249,0.1,15.301284381050568,-0.474918542391476,outside_mesh_bbox_nearest_cell,False,10.301284381050568,-1,5763,5763,0,4.91221400377144,-0.7390450159297993,10.392427343892402
Taupe,BCD-A7,BCD-A7 Anfang,BCD-A7 Ende,20,44,0.46511627906976744,1.9999999921717435,4.299999983169249,0.1,15.399765155909567,-0.4922833604120808,outside_mesh_bbox_nearest_cell,False,10.399765155909567,-1,5763,5763,0,4.91221400377144,-0.7390450159297993,10.49045377871461
Taupe,BCD-A7,BCD-A7 Anfang,BCD-A7 Ende,21,44,0.4883720930232558,2.0999999917803307,4.299999983169249,0.1,15.498245930768565,-0.5096481784326856,outside_mesh_bbox_nearest_cell,False,10.498245930768565,-1,5763,5763,0,4.91221400377144,-0.7390450159297993,10.588517123207394
Taupe,BCD-A7,BCD-A7 Anfang,BCD-A7 Ende,22,44,0.5116279069767442,2.199999991388918,4.299999983169249,0.1,15.596726705627564,-0.5270129964532904,outside_mesh_bbox_nearest_cell,False,10.596726705627564,-1,5763,5763,0,4.91221400377144,-0.7390450159297993,10.686616361290797
Taupe,BCD-A7,BCD-A7 Anfang,BCD-A7 Ende,23,44,0.5348837209302325,2.299999990997505,4.299999983169249,0.1,15.695207480486562,-0.5443778144738951,outside_mesh_bbox_nearest_cell,False,10.695207480486562,-1,5763,5763,0,4.91221400377144,-0.7390450159297993,10.784750513489108
Taupe,BCD-A7,BCD-A7 Anfang,BCD-A7 Ende,24,44,0.5581395348837209,2.3999999906060925,4.299999983169249,0.1,15.793688255345561,-0.5617426324945,outside_mesh_bbox_nearest_cell,False,10.793688255345561,-1,5763,5763,0,4.91221400377144,-0.7390450159297993,10.882918635312976
Taupe,BCD-A7,BCD-A7 Anfang,BCD-A7 Ende,25,44,0.5813953488372093,2.49999999021468,4.299999983169249,0.1,15.89216903020456,-0.5791074505151048,outside_mesh_bbox_nearest_cell,False,10.89216903020456,-1,5763,5763,0,4.91221400377144,-0.7390450159297993,10.98111981572575
Taupe,BCD-A7,BCD-A7 Anfang,BCD-A7 Ende,26,44,0.6046511627906976,2.5999999898232664,4.299999983169249,0.1,15.990649805063557,-0.5964722685357096,outside_mesh_bbox_nearest_cell,False,10.990649805063557,-1,5763,5763,0,4.91221400377144,-0.7390450159297993,11.079353175689022
Taupe,BCD-A7,BCD-A7 Anfang,BCD-A7 Ende,27,44,0.627906976744186,2.699999989431854,4.299999983169249,0.1,16.089130579922553,-0.6138370865563143,outside_mesh_bbox_nearest_cell,False,11.089130579922553,-1,5763,5763,0,4.91221400377144,-0.7390450159297993,11.177617866782688
Taupe,BCD-A7,BCD-A7 Anfang,BCD-A7 Ende,28,44,0.6511627906976745,2.7999999890404412,4.299999983169249,0.1,16.187611354781552,-0.631201904576919,outside_mesh_bbox_nearest_cell,False,11.187611354781552,-1,5763,5763,0,4.91221400377144,-0.7390450159297993,11.275913069895145
Taupe,BCD-A7,BCD-A7 Anfang,BCD-A7 Ende,29,44,0.6744186046511628,2.899999988649028,4.299999983169249,0.1,16.28609212964055,-0.6485667225975239,outside_mesh_bbox_nearest_cell,False,11.28609212964055,-1,5763,5763,0,4.91221400377144,-0.7390450159297993,11.37423799397956
Taupe,BCD-A7,BCD-A7 Anfang,BCD-A7 Ende,30,44,0.6976744186046512,2.9999999882576156,4.299999983169249,0.1,16.38457290449955,-0.6659315406181286,outside_mesh_bbox_nearest_cell,False,11.38457290449955,-1,5763,5763,0,4.91221400377144,-0.7390450159297993,11.472591874872375
Taupe,BCD-A7,BCD-A7 Anfang,BCD-A7 Ende,31,44,0.7209302325581395,3.0999999878662026,4.299999983169249,0.1,16.483053679358548,-0.6832963586387334,outside_mesh_bbox_nearest_cell,False,11.483053679358548,-1,5763,5763,0,4.91221400377144,-0.7390450159297993,11.570973974170478
Taupe,BCD-A7,BCD-A7 Anfang,BCD-A7 Ende,32,44,0.7441860465116279,3.19999998747479,4.299999983169249,0.1,16.581534454217547,-0.7006611766593382,outside_mesh_bbox_nearest_cell,False,11.581534454217547,-1,5763,5763,0,4.91221400377144,-0.7390450159297993,11.66938357816371
Taupe,BCD-A7,BCD-A7 Anfang,BCD-A7 Ende,33,44,0.7674418604651163,3.299999987083377,4.299999983169249,0.1,16.680015229076545,-0.718025994679943,outside_mesh_bbox_nearest_cell,False,11.680015229076545,-1,5763,5763,0,4.91221400377144,-0.7390450159297993,11.767819996819576
Taupe,BCD-A7,BCD-A7 Anfang,BCD-A7 Ende,34,44,0.7906976744186046,3.399999986691964,4.299999983169249,0.1,16.778496003935544,-0.7353908127005477,outside_mesh_bbox_nearest_cell,False,11.778496003935544,-1,5763,5763,0,4.91221400377144,-0.7390450159297993,11.866282562817215
Taupe,BCD-A7,BCD-A7 Anfang,BCD-A7 Ende,35,44,0.813953488372093,3.4999999863005513,4.299999983169249,0.1,16.876976778794543,-0.7527556307211526,outside_mesh_bbox_nearest_cell,False,11.876976778794543,-1,5763,5763,0,4.91221400377144,-0.7390450159297993,11.964770630627923
Taupe,BCD-A7,BCD-A7 Anfang,BCD-A7 Ende,36,44,0.8372093023255814,3.5999999859091387,4.299999983169249,0.1,16.97545755365354,-0.7701204487417574,outside_mesh_bbox_nearest_cell,False,11.975457553653541,-1,5763,5763,0,4.91221400377144,-0.7390450159297993,12.06328357563962
Taupe,BCD-A7,BCD-A7 Anfang,BCD-A7 Ende,37,44,0.8604651162790697,3.6999999855177257,4.299999983169249,0.1,17.07393832851254,-0.7874852667623622,outside_mesh_bbox_nearest_cell,False,12.07393832851254,-1,5763,5763,0,4.91221400377144,-0.7390450159297993,12.161820793322853
Taupe,BCD-A7,BCD-A7 Anfang,BCD-A7 Ende,38,44,0.8837209302325582,3.799999985126313,4.299999983169249,0.1,17.17241910337154,-0.8048500847829669,outside_mesh_bbox_nearest_cell,False,12.172419103371539,-1,5763,5763,0,4.91221400377144,-0.7390450159297993,12.260381698436108
Taupe,BCD-A7,BCD-A7 Anfang,BCD-A7 Ende,39,44,0.9069767441860465,3.8999999847349,4.299999983169249,0.1,17.270899878230534,-0.8222149028035717,outside_mesh_bbox_nearest_cell,False,12.270899878230534,-1,5763,5763,0,4.91221400377144,-0.7390450159297993,12.358965724268247
Taupe,BCD-A7,BCD-A7 Anfang,BCD-A7 Ende,40,44,0.9302325581395349,3.999999984343487,4.299999983169249,0.1,17.369380653089532,-0.8395797208241765,outside_mesh_bbox_nearest_cell,False,12.369380653089532,-1,5763,5763,0,4.91221400377144,-0.7390450159297993,12.457572321916144
Taupe,BCD-A7,BCD-A7 Anfang,BCD-A7 Ende,41,44,0.9534883720930233,4.099999983952075,4.299999983169249,0.1,17.46786142794853,-0.8569445388447813,outside_mesh_bbox_nearest_cell,False,12.467861427948531,-1,5763,5763,0,4.91221400377144,-0.7390450159297993,12.556200959595559
Taupe,BCD-A7,BCD-A7 Anfang,BCD-A7 Ende,42,44,0.9767441860465116,4.199999983560661,4.299999983169249,0.1,17.56634220280753,-0.874309356865386,outside_mesh_bbox_nearest_cell,False,12.56634220280753,-1,5763,5763,0,4.91221400377144,-0.7390450159297993,12.654851121983581
Taupe,BCD-A7,BCD-A7 Anfang,BCD-A7 Ende,43,44,1.0,4.299999983169249,4.299999983169249,0.1,17.664822977666528,-0.8916741748859909,outside_mesh_bbox_nearest_cell,False,12.664822977666528,-1,5763,5763,0,4.91221400377144,-0.7390450159297993,12.753522309590918
Taupe,BCD-A8,BCD-A8 Anfang,BCD-A8 Ende,0,41,0.0,0.0,4.0,0.1,12.280088358506426,-1.2929870000000097,outside_mesh_bbox_nearest_cell,False,7.2800883585064255,-1,5763,5763,0,4.91221400377144,-0.7390450159297993,7.388668637100809
Taupe,BCD-A8,BCD-A8 Anfang,BCD-A8 Ende,1,41,0.025,0.1,4.0,0.1,12.280088357380277,-1.3929870000000097,outside_mesh_bbox_nearest_cell,False,7.2800883573802775,-1,5763,5763,0,4.91221400377144,-0.7390450159297993,7.396838014252883
Taupe,BCD-A8,BCD-A8 Anfang,BCD-A8 Ende,2,41,0.05,0.2,4.0,0.1,12.28008835625413,-1.4929870000000096,outside_mesh_bbox_nearest_cell,False,7.280088356254129,-1,5828,5828,0,4.8906615029022005,-1.78181480040215,7.39506935189412
Taupe,BCD-A8,BCD-A8 Anfang,BCD-A8 Ende,3,41,0.075,0.3,4.0,0.1,12.280088355127981,-1.5929870000000097,outside_mesh_bbox_nearest_cell,False,7.280088355127981,-1,5828,5828,0,4.8906615029022005,-1.78181480040215,7.391839090686439
Taupe,BCD-A8,BCD-A8 Anfang,BCD-A8 Ende,4,41,0.1,0.4,4.0,0.1,12.280088354001833,-1.6929870000000098,outside_mesh_bbox_nearest_cell,False,7.280088354001833,-1,5828,5828,0,4.8906615029022005,-1.78181480040215,7.389960728304076
Taupe,BCD-A8,BCD-A8 Anfang,BCD-A8 Ende,5,41,0.125,0.5,4.0,0.1,12.280088352875685,-1.7929870000000097,outside_mesh_bbox_nearest_cell,False,7.280088352875685,-1,5828,5828,0,4.8906615029022005,-1.78181480040215,7.389435295687547
Taupe,BCD-A8,BCD-A8 Anfang,BCD-A8 Ende,6,41,0.15,0.6,4.0,0.1,12.280088351749537,-1.8929870000000095,outside_mesh_bbox_nearest_cell,False,7.280088351749537,-1,5828,5828,0,4.8906615029022005,-1.78181480040215,7.39026308140849
Taupe,BCD-A8,BCD-A8 Anfang,BCD-A8 Ende,7,41,0.175,0.7,4.0,0.1,12.280088350623389,-1.9929870000000096,outside_mesh_bbox_nearest_cell,False,7.280088350623389,-1,5828,5828,0,4.8906615029022005,-1.78181480040215,7.392443630877796
Taupe,BCD-A8,BCD-A8 Anfang,BCD-A8 Ende,8,41,0.2,0.8,4.0,0.1,12.280088349497241,-2.0929870000000097,outside_mesh_bbox_nearest_cell,False,7.280088349497241,-1,5828,5828,0,4.8906615029022005,-1.78181480040215,7.395975747592882
Taupe,BCD-A8,BCD-A8 Anfang,BCD-A8 Ende,9,41,0.225,0.9,4.0,0.1,12.280088348371093,-2.19298700000001,outside_mesh_bbox_nearest_cell,False,7.280088348371093,-1,5828,5828,0,4.8906615029022005,-1.78181480040215,7.400857496416108
Taupe,BCD-A8,BCD-A8 Anfang,BCD-A8 Ende,10,41,0.25,1.0,4.0,0.1,12.280088347244945,-2.29298700000001,outside_mesh_bbox_nearest_cell,False,7.280088347244945,-1,7663,7663,0,4.890130566926607,-2.7425167116862066,7.403617558773293
Taupe,BCD-A8,BCD-A8 Anfang,BCD-A8 Ende,11,41,0.275,1.1,4.0,0.1,12.280088346118797,-2.3929870000000095,outside_mesh_bbox_nearest_cell,False,7.280088346118797,-1,7663,7663,0,4.890130566926607,-2.7425167116862066,7.398219177450382
Taupe,BCD-A8,BCD-A8 Anfang,BCD-A8 Ende,12,41,0.3,1.2,4.0,0.1,12.280088344992649,-2.4929870000000096,outside_mesh_bbox_nearest_cell,False,7.280088344992649,-1,7663,7663,0,4.890130566926607,-2.7425167116862066,7.394169394774033
Taupe,BCD-A8,BCD-A8 Anfang,BCD-A8 Ende,13,41,0.325,1.3,4.0,0.1,12.2800883438665,-2.5929870000000097,outside_mesh_bbox_nearest_cell,False,7.280088343866501,-1,7663,7663,0,4.890130566926607,-2.7425167116862066,7.391470427434
Taupe,BCD-A8,BCD-A8 Anfang,BCD-A8 Ende,14,41,0.35,1.4,4.0,0.1,12.280088342740353,-2.6929870000000093,outside_mesh_bbox_nearest_cell,False,7.280088342740353,-1,7663,7663,0,4.890130566926607,-2.7425167116862066,7.390123755435342
Taupe,BCD-A8,BCD-A8 Anfang,BCD-A8 Ende,15,41,0.375,1.5,4.0,0.1,12.280088341614205,-2.79298700000001,outside_mesh_bbox_nearest_cell,False,7.280088341614205,-1,7663,7663,0,4.890130566926607,-2.7425167116862066,7.390130118047188
Taupe,BCD-A8,BCD-A8 Anfang,BCD-A8 Ende,16,41,0.4,1.6,4.0,0.1,12.280088340488057,-2.8929870000000095,outside_mesh_bbox_nearest_cell,False,7.2800883404880565,-1,7663,7663,0,4.890130566926607,-2.7425167116862066,7.391489511775453
Taupe,BCD-A8,BCD-A8 Anfang,BCD-A8 Ende,17,41,0.425,1.7,4.0,0.1,12.280088339361908,-2.9929870000000096,outside_mesh_bbox_nearest_cell,False,7.2800883393619085,-1,7663,7663,0,4.890130566926607,-2.7425167116862066,7.394201190372421
Taupe,BCD-A8,BCD-A8 Anfang,BCD-A8 Ende,18,41,0.45,1.8,4.0,0.1,12.28008833823576,-3.0929870000000097,outside_mesh_bbox_nearest_cell,False,7.28008833823576,-1,7663,7663,0,4.890130566926607,-2.7425167116862066,7.39826366688315
Taupe,BCD-A8,BCD-A8 Anfang,BCD-A8 Ende,19,41,0.475,1.9,4.0,0.1,12.280088337109612,-3.1929870000000093,outside_mesh_bbox_nearest_cell,False,7.280088337109612,-1,7663,7663,0,4.890130566926607,-2.7425167116862066,7.403674717715635
Taupe,BCD-A8,BCD-A8 Anfang,BCD-A8 Ende,20,41,0.5,2.0,4.0,0.1,12.280088335983464,-3.29298700000001,outside_mesh_bbox_nearest_cell,False,7.280088335983464,-1,7663,7663,0,4.890130566926607,-2.7425167116862066,7.410431388708763
Taupe,BCD-A8,BCD-A8 Anfang,BCD-A8 Ende,21,41,0.525,2.1,4.0,0.1,12.280088334857316,-3.3929870000000095,outside_mesh_bbox_nearest_cell,False,7.280088334857316,-1,7663,7663,0,4.890130566926607,-2.7425167116862066,7.418530003159553
Taupe,BCD-A8,BCD-A8 Anfang,BCD-A8 Ende,22,41,0.55,2.2,4.0,0.1,12.280088333731168,-3.49298700000001,outside_mesh_bbox_nearest_cell,False,7.280088333731168,-1,7663,7663,0,4.890130566926607,-2.7425167116862066,7.427966171759055
Taupe,BCD-A8,BCD-A8 Anfang,BCD-A8 Ende,23,41,0.575,2.3,4.0,0.1,12.28008833260502,-3.5929870000000097,outside_mesh_bbox_nearest_cell,False,7.28008833260502,-1,7663,7663,0,4.890130566926607,-2.7425167116862066,7.438734804374683
Taupe,BCD-A8,BCD-A8 Anfang,BCD-A8 Ende,24,41,0.6,2.4,4.0,0.1,12.280088331478872,-3.6929870000000093,outside_mesh_bbox_nearest_cell,False,7.280088331478872,-1,7663,7663,0,4.890130566926607,-2.7425167116862066,7.450830123605935
Taupe,BCD-A8,BCD-A8 Anfang,BCD-A8 Ende,25,41,0.625,2.5,4.0,0.1,12.280088330352724,-3.79298700000001,outside_mesh_bbox_nearest_cell,False,7.280088330352724,-1,5631,5631,0,4.841259201623154,-4.256107998281497,7.453231504889994
Taupe,BCD-A8,BCD-A8 Anfang,BCD-A8 Ende,26,41,0.65,2.6,4.0,0.1,12.280088329226576,-3.8929870000000095,outside_mesh_bbox_nearest_cell,False,7.280088329226576,-1,5631,5631,0,4.841259201623154,-4.256107998281497,7.447686597130282
Taupe,BCD-A8,BCD-A8 Anfang,BCD-A8 Ende,27,41,0.675,2.7,4.0,0.1,12.280088328100428,-3.99298700000001,outside_mesh_bbox_nearest_cell,False,7.280088328100428,-1,5631,5631,0,4.841259201623154,-4.256107998281497,7.4434811367171
Taupe,BCD-A8,BCD-A8 Anfang,BCD-A8 Ende,28,41,0.7,2.8,4.0,0.1,12.28008832697428,-4.09298700000001,outside_mesh_bbox_nearest_cell,False,7.28008832697428,-1,5631,5631,0,4.841259201623154,-4.256107998281497,7.4406173948303875
Taupe,BCD-A8,BCD-A8 Anfang,BCD-A8 Ende,29,41,0.725,2.9,4.0,0.1,12.280088325848132,-4.192987000000009,outside_mesh_bbox_nearest_cell,False,7.280088325848132,-1,5631,5631,0,4.841259201623154,-4.256107998281497,7.439096920987239
Taupe,BCD-A8,BCD-A8 Anfang,BCD-A8 Ende,30,41,0.75,3.0,4.0,0.1,12.280088324721984,-4.29298700000001,outside_mesh_bbox_nearest_cell,False,7.280088324721984,-1,5631,5631,0,4.841259201623154,-4.256107998281497,7.438920538857171
Taupe,BCD-A8,BCD-A8 Anfang,BCD-A8 Ende,31,41,0.775,3.1,4.0,0.1,12.280088323595836,-4.3929870000000095,outside_mesh_bbox_nearest_cell,False,7.280088323595836,-1,5631,5631,0,4.841259201623154,-4.256107998281497,7.4400883440333105
Taupe,BCD-A8,BCD-A8 Anfang,BCD-A8 Ende,32,41,0.8,3.2,4.0,0.1,12.280088322469688,-4.49298700000001,outside_mesh_bbox_nearest_cell,False,7.2800883224696875,-1,5631,5631,0,4.841259201623154,-4.256107998281497,7.442599703773513
Taupe,BCD-A8,BCD-A8 Anfang,BCD-A8 Ende,33,41,0.825,3.3,4.0,0.1,12.28008832134354,-4.59298700000001,outside_mesh_bbox_nearest_cell,False,7.2800883213435394,-1,5733,5733,0,4.8379232913584636,-4.735565165850393,7.44353067212798
Taupe,BCD-A8,BCD-A8 Anfang,BCD-A8 Ende,34,41,0.85,3.4,4.0,0.1,12.280088320217391,-4.692987000000009,outside_mesh_bbox_nearest_cell,False,7.280088320217391,-1,5733,5733,0,4.8379232913584636,-4.735565165850393,7.442286827110198
Taupe,BCD-A8,BCD-A8 Anfang,BCD-A8 Ende,35,41,0.875,3.5,4.0,0.1,12.280088319091243,-4.79298700000001,outside_mesh_bbox_nearest_cell,False,7.280088319091243,-1,5733,5733,0,4.8379232913584636,-4.735565165850393,7.442386550498835
Taupe,BCD-A8,BCD-A8 Anfang,BCD-A8 Ende,36,41,0.9,3.6,4.0,0.1,12.280088317965095,-4.8929870000000095,outside_mesh_bbox_nearest_cell,False,7.280088317965095,-1,5733,5733,0,4.8379232913584636,-4.735565165850393,7.443829788295399
Taupe,BCD-A8,BCD-A8 Anfang,BCD-A8 Ende,37,41,0.925,3.7,4.0,0.1,12.280088316838947,-4.99298700000001,outside_mesh_bbox_nearest_cell,False,7.280088316838947,-1,5733,5733,0,4.8379232913584636,-4.735565165850393,7.446615759335369
Taupe,BCD-A8,BCD-A8 Anfang,BCD-A8 Ende,38,41,0.95,3.8,4.0,0.1,12.2800883157128,-5.09298700000001,outside_mesh_bbox_nearest_cell,False,7.280682142955221,-1,5733,5733,0,4.8379232913584636,-4.735565165850393,7.450742957400278
Taupe,BCD-A8,BCD-A8 Anfang,BCD-A8 Ende,39,41,0.975,3.9,4.0,0.1,12.280088314586651,-5.192987000000009,outside_mesh_bbox_nearest_cell,False,7.282645800143661,-1,5733,5733,0,4.8379232913584636,-4.735565165850393,7.4562091552824485
Taupe,BCD-A8,BCD-A8 Anfang,BCD-A8 Ende,40,41,1.0,4.0,4.0,0.1,12.280088313460503,-5.29298700000001,outside_mesh_bbox_nearest_cell,False,7.285981555971247,-1,5733,5733,0,4.8379232913584636,-4.735565165850393,7.46301141077687
