source_file,station,date_raw,date_iso,water_content_vol_percent,wc_ci95_vol_percent,t2_ms,t2_ci95_ms,caveat
cda_knowledge_base/measurements/nmr/source_files/2025-09-15_Weekly_2021-2022_at_4S.dat,4S,12-Okt-2021 23:10:20,2021-10-12 23:10:20,13.1278952560427,0.599645966893612,0.577041288278267,0.0321673733890437,
cda_knowledge_base/measurements/nmr/source_files/2025-09-15_Weekly_2021-2022_at_4S.dat,4S,13-Okt-2021 13:21:08,2021-10-13 13:21:08,12.846371118108,0.414562965439611,0.59926597386687,0.0237292328865262,
cda_knowledge_base/measurements/nmr/source_files/2025-09-15_Weekly_2021-2022_at_4S.dat,4S,16-Okt-2021 02:42:16,2021-10-16 02:42:16,13.0499168006177,0.454051429175281,0.591330575050726,0.0251978802261772,
cda_knowledge_base/measurements/nmr/source_files/2025-09-15_Weekly_2021-2022_at_4S.dat,4S,21-Okt-2021 12:30:08,2021-10-21 12:30:08,13.0987251414804,0.441677151284521,0.597254561027,0.0246992723203476,
cda_knowledge_base/measurements/nmr/source_files/2025-09-15_Weekly_2021-2022_at_4S.dat,4S,24-Okt-2021 11:23:48,2021-10-24 11:23:48,13.0912084950847,0.452168052710136,0.596516877034905,0.0252648098421315,
cda_knowledge_base/measurements/nmr/source_files/2025-09-15_Weekly_2021-2022_at_4S.dat,4S,31-Okt-2021 00:42:22,2021-10-31 00:42:22,13.1023948188885,0.497068408922282,0.59065707739735,0.0274389115953822,
cda_knowledge_base/measurements/nmr/source_files/2025-09-15_Weekly_2021-2022_at_4S.dat,4S,01-Nov-2021 08:05:10,2021-11-01 08:05:10,13.0815506344073,0.483694566406562,0.584412768470825,0.0264202929817389,
cda_knowledge_base/measurements/nmr/source_files/2025-09-15_Weekly_2021-2022_at_4S.dat,4S,08-Nov-2021 12:16:46,2021-11-08 12:16:46,12.7952402285605,0.569455460752328,0.622418803418794,0.0341678822827154,
cda_knowledge_base/measurements/nmr/source_files/2025-09-15_Weekly_2021-2022_at_4S.dat,4S,18-Nov-2021 12:22:38,2021-11-18 12:22:38,13.1692156631058,0.606629869220532,0.582065708025207,0.0327634929601882,
cda_knowledge_base/measurements/nmr/source_files/2025-09-15_Weekly_2021-2022_at_4S.dat,4S,28-Nov-2021 06:26:26,2021-11-28 06:26:26,12.9977303305982,0.48328766665336,0.594171295679265,0.0270758047997235,
cda_knowledge_base/measurements/nmr/source_files/2025-09-15_Weekly_2021-2022_at_4S.dat,4S,29-Nov-2021 00:06:44,2021-11-29 00:06:44,13.0364136156275,0.457973480724683,0.59906276116199,0.0258218817431163,
cda_knowledge_base/measurements/nmr/source_files/2025-09-15_Weekly_2021-2022_at_4S.dat,4S,10-Dez-2021 15:05:16,2021-12-10 15:05:16,12.6194746369345,0.469803412204814,0.60841586236072,0.0278513700610033,
cda_knowledge_base/measurements/nmr/source_files/2025-09-15_Weekly_2021-2022_at_4S.dat,4S,18-Dez-2021 02:05:18,2021-12-18 02:05:18,12.4366280346676,0.440106438990377,0.579828782647813,0.0250592151467219,
cda_knowledge_base/measurements/nmr/source_files/2025-09-15_Weekly_2021-2022_at_4S.dat,4S,18-Jan-2022 05:24:46,2022-01-18 05:24:46,10.9899224000145,0.360409751761608,0.539268349796518,0.021364814315584,
cda_knowledge_base/measurements/nmr/source_files/2025-09-15_Weekly_2021-2022_at_4S.dat,4S,27-Jan-2022 02:26:02,2022-01-27 02:26:02,10.595651715586,0.423838114775673,0.538204365505696,0.0260003199345386,
cda_knowledge_base/measurements/nmr/source_files/2025-09-15_Weekly_2021-2022_at_4S.dat,4S,31-Jan-2022 11:21:40,2022-01-31 11:21:40,10.3563464777668,0.371174279056311,0.519079973025171,0.0223398897723781,
cda_knowledge_base/measurements/nmr/source_files/2025-09-15_Weekly_2021-2022_at_4S.dat,4S,13-Feb-2022 10:26:54,2022-02-13 10:26:54,9.90709876863737,0.367714429457392,0.525299878116894,0.0234570840627218,
cda_knowledge_base/measurements/nmr/source_files/2025-09-15_Weekly_2021-2022_at_4S.dat,4S,21-Feb-2022 12:34:16,2022-02-21 12:34:16,9.89727386792565,0.356484295144263,0.513981690008192,0.0221950150681993,
cda_knowledge_base/measurements/nmr/source_files/2025-09-15_Weekly_2021-2022_at_4S.dat,4S,05-Mrz-2022 03:44:08,2022-03-05 03:44:08,10.3089349780586,0.369885893844092,0.491118119466799,0.0209674553093281,
cda_knowledge_base/measurements/nmr/source_files/2025-09-15_Weekly_2021-2022_at_4S.dat,4S,10-Mrz-2022 12:53:40,2022-03-10 12:53:40,10.3444156139867,0.361258359141534,0.493803862692403,0.0205386774223122,
cda_knowledge_base/measurements/nmr/source_files/2025-09-15_Weekly_2021-2022_at_4S.dat,4S,20-Mrz-2022 00:00:34,2022-03-20 00:00:34,11.2276783510246,0.44667502156504,0.478565509888136,0.0225538362324003,
cda_knowledge_base/measurements/nmr/source_files/2025-09-15_Weekly_2022-2025_at_4E.dat,4E,06-Okt-2021 09:35:30,2021-10-06 09:35:30,11.7095369021749,0.686254816106822,0.667363367048101,0.0494139314079897,
cda_knowledge_base/measurements/nmr/source_files/2025-09-15_Weekly_2022-2025_at_4E.dat,4E,25-Mrz-2022 10:57:08,2022-03-25 10:57:08,8.5093422098135,1.52169349213518,0.470022283127565,0.0944936672705871,
cda_knowledge_base/measurements/nmr/source_files/2025-09-15_Weekly_2022-2025_at_4E.dat,4E,05-Mai-2022 04:53:32,2022-05-05 04:53:32,10.2328685783173,0.475175314011714,0.518802117994908,0.0289423845673636,
cda_knowledge_base/measurements/nmr/source_files/2025-09-15_Weekly_2022-2025_at_4E.dat,4E,09-Mai-2022 11:45:05,2022-05-09 11:45:05,10.0142064371179,0.500315847555081,0.512512467660229,0.0306990997904339,
cda_knowledge_base/measurements/nmr/source_files/2025-09-15_Weekly_2022-2025_at_4E.dat,4E,19-Mai-2022 22:51:32,2022-05-19 22:51:32,10.3108238099494,0.497112242386514,0.520222342800553,0.0301455355299197,
cda_knowledge_base/measurements/nmr/source_files/2025-09-15_Weekly_2022-2025_at_4E.dat,4E,25-Mai-2022 02:49:19,2022-05-25 02:49:19,10.6602801269588,0.468412275551478,0.528197366851294,0.0279651810476976,
cda_knowledge_base/measurements/nmr/source_files/2025-09-15_Weekly_2022-2025_at_4E.dat,4E,24-Jun-2022 13:47:03,2022-06-24 13:47:03,10.4623979325548,0.42415589915073,0.560037405984623,0.0276166351221169,
cda_knowledge_base/measurements/nmr/source_files/2025-09-15_Weekly_2022-2025_at_4E.dat,4E,27-Jun-2022 12:56:56,2022-06-27 12:56:56,10.6106447940486,0.518586886848727,0.551903180060548,0.0327333315569879,
cda_knowledge_base/measurements/nmr/source_files/2025-09-15_Weekly_2022-2025_at_4E.dat,4E,04-Jul-2022 11:50:41,2022-07-04 11:50:41,10.7399731201008,0.49272408126446,0.547325715489501,0.0304308826298924,
cda_knowledge_base/measurements/nmr/source_files/2025-09-15_Weekly_2022-2025_at_4E.dat,4E,19-Jul-2022 01:58:22,2022-07-19 01:58:22,10.9050977599171,0.447054759786649,0.562084368979467,0.0280442161401138,
cda_knowledge_base/measurements/nmr/source_files/2025-09-15_Weekly_2022-2025_at_4E.dat,4E,10-Aug-2022 02:08:09,2022-08-10 02:08:09,10.9638137604763,0.510821352452567,0.558313923394047,0.0316251613210391,
cda_knowledge_base/measurements/nmr/source_files/2025-09-15_Weekly_2022-2025_at_4E.dat,4E,15-Aug-2022 11:21:48,2022-08-15 11:21:48,10.6356669077174,0.400502905204703,0.580037157964733,0.0267150059296778,
cda_knowledge_base/measurements/nmr/source_files/2025-09-15_Weekly_2022-2025_at_4E.dat,4E,22-Aug-2022 12:10:08,2022-08-22 12:10:08,11.151672208046,0.423887104804674,0.5608459315055,0.0259365741166508,
cda_knowledge_base/measurements/nmr/source_files/2025-09-15_Weekly_2022-2025_at_4E.dat,4E,29-Aug-2022 13:22:59,2022-08-29 13:22:59,10.9717005832976,0.422022263763072,0.580960102107644,0.0273384654836341,
cda_knowledge_base/measurements/nmr/source_files/2025-09-15_Weekly_2022-2025_at_4E.dat,4E,05-Sep-2022 10:41:00,2022-09-05 10:41:00,10.7727724663209,0.414717443476406,0.595360023979082,0.0281465489274782,
cda_knowledge_base/measurements/nmr/source_files/2025-09-15_Weekly_2022-2025_at_4E.dat,4E,12-Sep-2022 11:42:10,2022-09-12 11:42:10,10.8616319862803,0.51557243703784,0.571941000145064,0.0331319952440006,
cda_knowledge_base/measurements/nmr/source_files/2025-09-15_Weekly_2022-2025_at_4E.dat,4E,19-Sep-2022 09:59:17,2022-09-19 09:59:17,10.7819938392037,0.427220085714395,0.590902898292901,0.0287199056963785,
cda_knowledge_base/measurements/nmr/source_files/2025-09-15_Weekly_2022-2025_at_4E.dat,4E,26-Sep-2022 15:03:09,2022-09-26 15:03:09,11.0354476678923,0.391062610343698,0.557082618178035,0.0239922176367262,
cda_knowledge_base/measurements/nmr/source_files/2025-09-15_Weekly_2022-2025_at_4E.dat,4E,03-Okt-2022 13:52:54,2022-10-03 13:52:54,11.1679790445813,0.498094411641291,0.568771415776705,0.0309312034300345,
cda_knowledge_base/measurements/nmr/source_files/2025-09-15_Weekly_2022-2025_at_4E.dat,4E,10-Okt-2022 10:10:55,2022-10-10 10:10:55,11.06371066707,0.372796339240332,0.578025764657217,0.023808968804064,
cda_knowledge_base/measurements/nmr/source_files/2025-09-15_Weekly_2022-2025_at_4E.dat,4E,18-Okt-2022 12:58:06,2022-10-18 12:58:06,10.9657385072288,0.459586883885441,0.58801530757033,0.0302066086172311,
cda_knowledge_base/measurements/nmr/source_files/2025-09-15_Weekly_2022-2025_at_4E.dat,4E,21-Okt-2022 13:51:20,2022-10-21 13:51:20,12.2289643335788,0.64254840045955,0.53178485206547,0.0339890350180637,
cda_knowledge_base/measurements/nmr/source_files/2025-09-15_Weekly_2022-2025_at_4E.dat,4E,24-Okt-2022 12:03:21,2022-10-24 12:03:21,11.1682601156402,0.494299869579432,0.604727771789315,0.0329484009168214,
cda_knowledge_base/measurements/nmr/source_files/2025-09-15_Weekly_2022-2025_at_4E.dat,4E,27-Okt-2022 20:06:54,2022-10-27 20:06:54,11.3688007650409,0.493559780705548,0.586880690980121,0.031219647294979,
cda_knowledge_base/measurements/nmr/source_files/2025-09-15_Weekly_2022-2025_at_4E.dat,4E,28-Okt-2022 22:43:27,2022-10-28 22:43:27,11.2894573044251,0.407819225890033,0.590496785692856,0.0261625511823654,
cda_knowledge_base/measurements/nmr/source_files/2025-09-15_Weekly_2022-2025_at_4E.dat,4E,31-Okt-2022 23:05:40,2022-10-31 23:05:40,11.459118138043,0.357812154409849,0.573982701829343,0.0218850480520875,
cda_knowledge_base/measurements/nmr/source_files/2025-09-15_Weekly_2022-2025_at_4E.dat,4E,05-Nov-2022 15:06:30,2022-11-05 15:06:30,11.1285445454183,0.328202047679996,0.603065634904286,0.0218852916232493,
cda_knowledge_base/measurements/nmr/source_files/2025-09-15_Weekly_2022-2025_at_4E.dat,4E,06-Nov-2022 13:59:26,2022-11-06 13:59:26,11.5184655942007,0.412913945167597,0.5829153145231,0.0255778830298828,
cda_knowledge_base/measurements/nmr/source_files/2025-09-15_Weekly_2022-2025_at_4E.dat,4E,14-Nov-2022 15:17:24,2022-11-14 15:17:24,11.5615030729439,0.425146125202059,0.5715657722225,0.0256476211220313,
cda_knowledge_base/measurements/nmr/source_files/2025-09-15_Weekly_2022-2025_at_4E.dat,4E,21-Nov-2022 12:27:49,2022-11-21 12:27:49,11.0306365480754,0.419725175835986,0.605689750991462,0.0283785817723416,
cda_knowledge_base/measurements/nmr/source_files/2025-09-15_Weekly_2022-2025_at_4E.dat,4E,28-Nov-2022 13:50:28,2022-11-28 13:50:28,11.0270524670747,0.434116740798438,0.589727543124658,0.0284694092769113,
cda_knowledge_base/measurements/nmr/source_files/2025-09-15_Weekly_2022-2025_at_4E.dat,4E,05-Dez-2022 11:13:13,2022-12-05 11:13:13,11.0902378208188,0.522859501570456,0.566613591977074,0.0325531351368181,
cda_knowledge_base/measurements/nmr/source_files/2025-09-15_Weekly_2022-2025_at_4E.dat,4E,12-Dez-2022 16:07:47,2022-12-12 16:07:47,11.0138847549373,0.432506048548194,0.56537907235133,0.0270460292957162,
cda_knowledge_base/measurements/nmr/source_files/2025-09-15_Weekly_2022-2025_at_4E.dat,4E,19-Dez-2022 13:39:21,2022-12-19 13:39:21,10.8506558458844,0.458094988290434,0.555483825622966,0.0284883112367201,
cda_knowledge_base/measurements/nmr/source_files/2025-09-15_Weekly_2022-2025_at_4E.dat,4E,26-Dez-2022 08:44:10,2022-12-26 08:44:10,10.6141372579869,0.42026011440005,0.556425256462438,0.0267702949986802,
cda_knowledge_base/measurements/nmr/source_files/2025-09-15_Weekly_2022-2025_at_4E.dat,4E,02-Jan-2023 11:44:39,2023-01-02 11:44:39,10.618089077429,0.400023847299174,0.558935505272469,0.0256050061392197,
cda_knowledge_base/measurements/nmr/source_files/2025-09-15_Weekly_2022-2025_at_4E.dat,4E,09-Jan-2023 10:56:00,2023-01-09 10:56:00,10.5329237630737,0.490841412762772,0.558762998278405,0.0316608281713038,
cda_knowledge_base/measurements/nmr/source_files/2025-09-15_Weekly_2022-2025_at_4E.dat,4E,16-Jan-2023 12:28:54,2023-01-16 12:28:54,10.8776116724677,0.4810584652463,0.531136507469302,0.0283287049922645,
cda_knowledge_base/measurements/nmr/source_files/2025-09-15_Weekly_2022-2025_at_4E.dat,4E,23-Jan-2023 09:42:56,2023-01-23 09:42:56,10.2345835798649,0.440468289383439,0.563458397040664,0.0295246541849601,
cda_knowledge_base/measurements/nmr/source_files/2025-09-15_Weekly_2022-2025_at_4E.dat,4E,30-Jan-2023 18:47:14,2023-01-30 18:47:14,10.2432575600722,0.440341742228716,0.55031039030555,0.0286950010398246,
cda_knowledge_base/measurements/nmr/source_files/2025-09-15_Weekly_2022-2025_at_4E.dat,4E,06-Feb-2023 14:13:26,2023-02-06 14:13:26,10.1425866448974,0.425826777607776,0.54482767386869,0.0277007870949883,
cda_knowledge_base/measurements/nmr/source_files/2025-09-15_Weekly_2022-2025_at_4E.dat,4E,13-Feb-2023 14:05:06,2023-02-13 14:05:06,10.1610219675705,0.472893368149777,0.540068066716862,0.0303954169507967,
cda_knowledge_base/measurements/nmr/source_files/2025-09-15_Weekly_2022-2025_at_4E.dat,4E,22-Feb-2023 03:46:11,2023-02-22 03:46:11,10.3485800060467,0.474073121743387,0.536908468189136,0.0297156771138521,
cda_knowledge_base/measurements/nmr/source_files/2025-09-15_Weekly_2022-2025_at_4E.dat,4E,24-Feb-2023 10:20:30,2023-02-24 10:20:30,10.9556332312711,0.965259598675095,0.484121828442696,0.0508867655062243,
cda_knowledge_base/measurements/nmr/source_files/2025-09-15_Weekly_2022-2025_at_4E.dat,4E,27-Feb-2023 14:27:27,2023-02-27 14:27:27,9.68491569549561,0.486632850702903,0.518019503878931,0.0312621574236258,
cda_knowledge_base/measurements/nmr/source_files/2025-09-15_Weekly_2022-2025_at_4E.dat,4E,06-Mrz-2023 09:36:16,2023-03-06 09:36:16,9.47463366036163,0.384746805547396,0.533241557401487,0.0261320342477565,
cda_knowledge_base/measurements/nmr/source_files/2025-09-15_Weekly_2022-2025_at_4E.dat,4E,13-Mrz-2023 12:28:58,2023-03-13 12:28:58,9.18410009396211,0.413050041210739,0.546543571889971,0.0297823659076959,
cda_knowledge_base/measurements/nmr/source_files/2025-09-15_Weekly_2022-2025_at_4E.dat,4E,20-Mrz-2023 11:59:05,2023-03-20 11:59:05,9.60009729201316,0.4144625051105,0.5377902929673,0.0280581493625184,
cda_knowledge_base/measurements/nmr/source_files/2025-09-15_Weekly_2022-2025_at_4E.dat,4E,27-Mrz-2023 12:01:07,2023-03-27 12:01:07,9.53293447374092,0.478495507704652,0.52679341037549,0.0318466408634313,
cda_knowledge_base/measurements/nmr/source_files/2025-09-15_Weekly_2022-2025_at_4E.dat,4E,04-Apr-2023 00:13:50,2023-04-04 00:13:50,9.63446987062281,0.429977146708273,0.540547723043425,0.0291774761701174,
cda_knowledge_base/measurements/nmr/source_files/2025-09-15_Weekly_2022-2025_at_4E.dat,4E,11-Apr-2023 12:57:28,2023-04-11 12:57:28,9.54778919292577,0.429901997906761,0.534623047490739,0.0290625681543845,
cda_knowledge_base/measurements/nmr/source_files/2025-09-15_Weekly_2022-2025_at_4E.dat,4E,24-Apr-2023 12:39:33,2023-04-24 12:39:33,9.99618425388286,0.439905057556156,0.51997604151109,0.0275008981624913,
cda_knowledge_base/measurements/nmr/source_files/2025-09-15_Weekly_2022-2025_at_4E.dat,4E,01-Mai-2023 14:36:56,2023-05-01 14:36:56,10.1361497536511,0.441256031459538,0.521817937006112,0.0273167860516529,
cda_knowledge_base/measurements/nmr/source_files/2025-09-15_Weekly_2022-2025_at_4E.dat,4E,08-Mai-2023 12:43:00,2023-05-08 12:43:00,10.2218361307401,0.414380081374022,0.532521516295432,0.0260464205932264,
cda_knowledge_base/measurements/nmr/source_files/2025-09-15_Weekly_2022-2025_at_4E.dat,4E,15-Mai-2023 12:38:53,2023-05-15 12:38:53,10.3194394381922,0.466530254333639,0.540479032991294,0.0295521962948681,
cda_knowledge_base/measurements/nmr/source_files/2025-09-15_Weekly_2022-2025_at_4E.dat,4E,22-Mai-2023 12:50:23,2023-05-22 12:50:23,10.5486142895485,0.484946172438734,0.537767870813779,0.0298762777742809,
cda_knowledge_base/measurements/nmr/source_files/2025-09-15_Weekly_2022-2025_at_4E.dat,4E,01-Jun-2023 10:57:38,2023-06-01 10:57:38,11.6028913049245,0.52542877252496,0.52296528627653,0.0284885925471664,
cda_knowledge_base/measurements/nmr/source_files/2025-09-15_Weekly_2022-2025_at_4E.dat,4E,05-Jun-2023 11:53:53,2023-06-05 11:53:53,10.179091956164,0.436876608720326,0.56555911747181,0.0295707086281484,
cda_knowledge_base/measurements/nmr/source_files/2025-09-15_Weekly_2022-2025_at_4E.dat,4E,12-Jun-2023 11:12:43,2023-06-12 11:12:43,10.5325937872071,0.442714717098271,0.546012958008197,0.027803029023261,
cda_knowledge_base/measurements/nmr/source_files/2025-09-15_Weekly_2022-2025_at_4E.dat,4E,19-Jun-2023 13:52:34,2023-06-19 13:52:34,9.71397383735137,0.436406964770559,0.590155339141211,0.032515465590691,
cda_knowledge_base/measurements/nmr/source_files/2025-09-15_Weekly_2022-2025_at_4E.dat,4E,26-Jun-2023 12:09:43,2023-06-26 12:09:43,10.1747593334386,0.434235793687486,0.58035298740462,0.0302962699199975,
cda_knowledge_base/measurements/nmr/source_files/2025-09-15_Weekly_2022-2025_at_4E.dat,4E,10-Jul-2023 11:19:53,2023-07-10 11:19:53,9.89249981483771,0.401371365071693,0.598169896389623,0.0298264998850863,
cda_knowledge_base/measurements/nmr/source_files/2025-09-15_Weekly_2022-2025_at_4E.dat,4E,17-Jul-2023 12:58:33,2023-07-17 12:58:33,10.7895164418055,0.446168903369764,0.575958068240854,0.0290982584069776,
cda_knowledge_base/measurements/nmr/source_files/2025-09-15_Weekly_2022-2025_at_4E.dat,4E,24-Jul-2023 12:53:21,2023-07-24 12:53:21,10.7541371614011,0.46353128447628,0.552514924503904,0.0289049307702595,
cda_knowledge_base/measurements/nmr/source_files/2025-09-15_Weekly_2022-2025_at_4E.dat,4E,04-Sep-2023 10:50:19,2023-09-04 10:50:19,11.5865718897129,0.423098261777555,0.577092815402315,0.0257539992689654,
cda_knowledge_base/measurements/nmr/source_files/2025-09-15_Weekly_2022-2025_at_4E.dat,4E,18-Sep-2023 11:16:34,2023-09-18 11:16:34,11.2037422781252,0.424351828673621,0.601692317897743,0.0280329800716927,
cda_knowledge_base/measurements/nmr/source_files/2025-09-15_Weekly_2022-2025_at_4E.dat,4E,25-Sep-2023 12:12:50,2023-09-25 12:12:50,11.2939852065462,0.444748774559366,0.592223462960745,0.0286165977754393,
cda_knowledge_base/measurements/nmr/source_files/2025-09-15_Weekly_2022-2025_at_4E.dat,4E,04-Okt-2023 00:12:37,2023-10-04 00:12:37,10.5963631628224,0.41270014912621,0.610809697323015,0.0293307733808508,
cda_knowledge_base/measurements/nmr/source_files/2025-09-15_Weekly_2022-2025_at_4E.dat,4E,16-Okt-2023 12:49:26,2023-10-16 12:49:26,10.8421350958874,0.413983008803421,0.599619897619023,0.0281477612575926,
cda_knowledge_base/measurements/nmr/source_files/2025-09-15_Weekly_2022-2025_at_4E.dat,4E,23-Okt-2023 10:53:43,2023-10-23 10:53:43,10.3727245677706,0.370141087609127,0.623160830295831,0.0275012368866645,
cda_knowledge_base/measurements/nmr/source_files/2025-09-15_Weekly_2022-2025_at_4E.dat,4E,10-Nov-2023 23:00:16,2023-11-10 23:00:16,10.8476648494335,0.394411450269662,0.577000175192268,0.0256384055239685,
cda_knowledge_base/measurements/nmr/source_files/2025-09-15_Weekly_2022-2025_at_4E.dat,4E,13-Nov-2023 12:41:21,2023-11-13 12:41:21,10.9041454444578,0.415065667933405,0.578663322340386,0.0269307598050533,
cda_knowledge_base/measurements/nmr/source_files/2025-09-15_Weekly_2022-2025_at_4E.dat,4E,20-Nov-2023 03:18:34,2023-11-20 03:18:34,10.689808577997,0.391342735826144,0.580044707212187,0.0259721687299053,
cda_knowledge_base/measurements/nmr/source_files/2025-09-15_Weekly_2022-2025_at_4E.dat,4E,24-Nov-2023 05:12:09,2023-11-24 05:12:09,11.4371149168664,0.463325921730937,0.561920319805422,0.0277035489124682,
cda_knowledge_base/measurements/nmr/source_files/2025-09-15_Weekly_2022-2025_at_4E.dat,4E,28-Nov-2023 01:32:32,2023-11-28 01:32:32,11.4732324743135,0.431722197858383,0.56062177000018,0.0256637337269384,
cda_knowledge_base/measurements/nmr/source_files/2025-09-15_Weekly_2022-2025_at_4E.dat,4E,04-Dez-2023 09:56:58,2023-12-04 09:56:58,11.3711977529067,0.451927095735602,0.549085788087617,0.0264602630856903,
cda_knowledge_base/measurements/nmr/source_files/2025-09-15_Weekly_2022-2025_at_4E.dat,4E,11-Dez-2023 15:47:32,2023-12-11 15:47:32,11.2403092914128,0.495616168242512,0.536427960169029,0.028571712611907,
cda_knowledge_base/measurements/nmr/source_files/2025-09-15_Weekly_2022-2025_at_4E.dat,4E,18-Dez-2023 10:39:48,2023-12-18 10:39:48,10.9384045331825,0.406084087922971,0.56746836095501,0.0256784384081111,
cda_knowledge_base/measurements/nmr/source_files/2025-09-15_Weekly_2022-2025_at_4E.dat,4E,19-Dez-2023 03:10:08,2023-12-19 03:10:08,10.7422801579119,0.437005442889502,0.582149890235008,0.0289821331192946,
cda_knowledge_base/measurements/nmr/source_files/2025-09-15_Weekly_2022-2025_at_4E.dat,4E,26-Dez-2023 23:14:19,2023-12-26 23:14:19,10.8273319892679,0.440911464363034,0.542236857518675,0.0267198492307106,
cda_knowledge_base/measurements/nmr/source_files/2025-09-15_Weekly_2022-2025_at_4E.dat,4E,03-Jan-2024 01:10:02,2024-01-03 01:10:02,10.2609122333112,0.421104153283525,0.57405259366151,0.028767912056943,
cda_knowledge_base/measurements/nmr/source_files/2025-09-15_Weekly_2022-2025_at_4E.dat,4E,09-Jan-2024 07:35:04,2024-01-09 07:35:04,10.5698193700946,0.432688067061959,0.551641636948398,0.0274017966790911,
cda_knowledge_base/measurements/nmr/source_files/2025-09-15_Weekly_2022-2025_at_4E.dat,4E,15-Jan-2024 13:52:29,2024-01-15 13:52:29,9.97818038689745,0.415257650231272,0.565456541623448,0.0286673171308308,
cda_knowledge_base/measurements/nmr/source_files/2025-09-15_Weekly_2022-2025_at_4E.dat,4E,22-Jan-2024 10:57:10,2024-01-22 10:57:10,10.1623511856428,0.424639186621975,0.54283084929465,0.0274525154209655,
cda_knowledge_base/measurements/nmr/source_files/2025-09-15_Weekly_2022-2025_at_4E.dat,4E,24-Apr-2024 05:02:21,2024-04-24 05:02:21,9.85380374737574,0.494679601281066,0.571775470626023,0.0350289893047062,
cda_knowledge_base/measurements/nmr/source_files/2025-09-15_Weekly_2022-2025_at_4E.dat,4E,27-Apr-2024 06:35:52,2024-04-27 06:35:52,10.1105840990561,0.383742952790782,0.544039089174211,0.025000096227562,
cda_knowledge_base/measurements/nmr/source_files/2025-09-15_Weekly_2022-2025_at_4E.dat,4E,29-Apr-2024 13:42:19,2024-04-29 13:42:19,10.3662764292711,0.452521376445854,0.542337775021353,0.0286493150834977,
cda_knowledge_base/measurements/nmr/source_files/2025-09-15_Weekly_2022-2025_at_4E.dat,4E,02-Mai-2024 10:50:59,2024-05-02 10:50:59,10.4485181082365,0.46110676472845,0.507305668348135,0.026795713871962,
cda_knowledge_base/measurements/nmr/source_files/2025-09-15_Weekly_2022-2025_at_4E.dat,4E,09-Mai-2024 01:11:44,2024-05-09 01:11:44,9.69705952203122,0.425770772837332,0.580140620830797,0.0311558555955462,
cda_knowledge_base/measurements/nmr/source_files/2025-09-15_Weekly_2022-2025_at_4E.dat,4E,15-Mai-2024 06:53:23,2024-05-15 06:53:23,10.6507296507413,0.49741769439188,0.533192079308855,0.0300507713123142,
cda_knowledge_base/measurements/nmr/source_files/2025-09-15_Weekly_2022-2025_at_4E.dat,4E,20-Mai-2024 12:30:05,2024-05-20 12:30:05,10.458505062031,0.453126601362539,0.539861909392359,0.0282839186311803,
cda_knowledge_base/measurements/nmr/source_files/2025-09-15_Weekly_2022-2025_at_4E.dat,4E,27-Mai-2024 12:55:24,2024-05-27 12:55:24,10.4014814891461,0.41790963768329,0.563148699583852,0.0275455205572061,
cda_knowledge_base/measurements/nmr/source_files/2025-09-15_Weekly_2022-2025_at_4E.dat,4E,03-Jun-2024 11:35:11,2024-06-03 11:35:11,10.7411560243954,0.483610883217203,0.538815828579665,0.0293262105788309,
cda_knowledge_base/measurements/nmr/source_files/2025-09-15_Weekly_2022-2025_at_4E.dat,4E,10-Jun-2024 11:30:43,2024-06-10 11:30:43,10.3466534794603,0.512336202942119,0.575686385685373,0.0348247330261239,
cda_knowledge_base/measurements/nmr/source_files/2025-09-15_Weekly_2022-2025_at_4E.dat,4E,24-Jun-2024 14:17:19,2024-06-24 14:17:19,10.2728663299473,0.490205153176064,0.588035374418085,0.0343934379322573,
cda_knowledge_base/measurements/nmr/source_files/2025-09-15_Weekly_2022-2025_at_4E.dat,4E,04-Jul-2024 17:11:15,2024-07-04 17:11:15,10.6378345262496,0.42932172372531,0.579253713026788,0.028586777683026,
cda_knowledge_base/measurements/nmr/source_files/2025-09-15_Weekly_2022-2025_at_4E.dat,4E,08-Jul-2024 13:20:42,2024-07-08 13:20:42,11.381031358605,0.529625503566754,0.553830014081425,0.0312934206412467,
cda_knowledge_base/measurements/nmr/source_files/2025-09-15_Weekly_2022-2025_at_4E.dat,4E,22-Jul-2024 12:57:49,2024-07-22 12:57:49,10.6544654871471,0.518636870147945,0.596744867334598,0.0356859629424648,
cda_knowledge_base/measurements/nmr/source_files/2025-09-15_Weekly_2022-2025_at_4E.dat,4E,25-Jul-2024 04:14:48,2024-07-25 04:14:48,11.3969578840505,0.440625286909285,0.571779804283663,0.0269768847089557,
cda_knowledge_base/measurements/nmr/source_files/2025-09-15_Weekly_2022-2025_at_4E.dat,4E,30-Jul-2024 08:33:14,2024-07-30 08:33:14,11.5210149824375,0.576046617986912,0.578015040012107,0.035328673210951,
cda_knowledge_base/measurements/nmr/source_files/2025-09-15_Weekly_2022-2025_at_4E.dat,4E,26-Aug-2024 22:36:15,2024-08-26 22:36:15,11.2699578154251,0.52448691193692,0.574065576058821,0.0326233472023156,
cda_knowledge_base/measurements/nmr/source_files/2025-09-15_Weekly_2022-2025_at_4E.dat,4E,09-Sep-2024 13:08:46,2024-09-09 13:08:46,11.6716610049116,0.518604804459296,0.581389339973696,0.0316073033705798,
cda_knowledge_base/measurements/nmr/source_files/2025-09-15_Weekly_2022-2025_at_4E.dat,4E,16-Sep-2024 11:01:50,2024-09-16 11:01:50,11.5981637238569,0.44028847647149,0.605931697595398,0.0283253016658842,
cda_knowledge_base/measurements/nmr/source_files/2025-09-15_Weekly_2022-2025_at_4E.dat,4E,23-Sep-2024 13:09:25,2024-09-23 13:09:25,12.1856763223117,0.601621831310737,0.565714613202572,0.0340270399776833,
cda_knowledge_base/measurements/nmr/source_files/2025-09-15_Weekly_2022-2025_at_4E.dat,4E,30-Sep-2024 12:31:38,2024-09-30 12:31:38,11.2420708279529,0.542341899247639,0.623335905838044,0.0371916429384942,
cda_knowledge_base/measurements/nmr/source_files/2025-09-15_Weekly_2022-2025_at_4E.dat,4E,07-Okt-2024 11:15:08,2024-10-07 11:15:08,12.1263635753468,0.602480683488291,0.56558255258778,0.0342330312955725,
cda_knowledge_base/measurements/nmr/source_files/2025-09-15_Weekly_2022-2025_at_4E.dat,4E,14-Okt-2024 11:09:20,2024-10-14 11:09:20,11.9063699447009,0.616511081918331,0.547271100848191,0.0343419675549402,
cda_knowledge_base/measurements/nmr/source_files/2025-09-15_Weekly_2022-2025_at_4E.dat,4E,21-Okt-2024 09:47:00,2024-10-21 09:47:00,11.3080662142162,0.571181773031416,0.611042940297662,0.0380559946857322,
cda_knowledge_base/measurements/nmr/source_files/2025-09-15_Weekly_2022-2025_at_4E.dat,4E,27-Okt-2024 12:14:09,2024-10-27 12:14:09,11.9046019109417,0.557561656861686,0.550165133310486,0.0312535604049863,
cda_knowledge_base/measurements/nmr/source_files/2025-09-15_Weekly_2022-2025_at_4E.dat,4E,05-Nov-2024 11:09:47,2024-11-05 11:09:47,12.0930341724046,0.55807396920546,0.554211365996271,0.0310576708513815,
cda_knowledge_base/measurements/nmr/source_files/2025-09-15_Weekly_2022-2025_at_4E.dat,4E,11-Nov-2024 12:22:09,2024-11-11 12:22:09,12.115104455676,0.55191018220219,0.573229816371266,0.0318805157142897,
cda_knowledge_base/measurements/nmr/source_files/2025-09-15_Weekly_2022-2025_at_4E.dat,4E,18-Nov-2024 11:26:34,2024-11-18 11:26:34,10.778451487897,0.436627919692261,0.594306166462976,0.0295574355205546,
cda_knowledge_base/measurements/nmr/source_files/2025-09-15_Weekly_2022-2025_at_4E.dat,4E,25-Nov-2024 11:54:47,2024-11-25 11:54:47,10.5955901067292,0.448485088960849,0.585489047187112,0.0303552727084693,
cda_knowledge_base/measurements/nmr/source_files/2025-09-15_Weekly_2022-2025_at_4E.dat,4E,02-Dez-2024 13:19:53,2024-12-02 13:19:53,11.4673701577448,0.876824890619592,0.555123683469859,0.0515572388735806,
cda_knowledge_base/measurements/nmr/source_files/2025-09-15_Weekly_2022-2025_at_4E.dat,4E,09-Dez-2024 14:10:20,2024-12-09 14:10:20,9.90749044993289,0.457990130949795,0.583674492046859,0.0330328126491009,
cda_knowledge_base/measurements/nmr/source_files/2025-09-15_Weekly_2022-2025_at_4E.dat,4E,16-Dez-2024 11:15:54,2024-12-16 11:15:54,10.4231233473932,0.487550189741043,0.56149726887897,0.0319600781081421,
cda_knowledge_base/measurements/nmr/source_files/2025-09-15_Weekly_2022-2025_at_4E.dat,4E,02-Jan-2025 14:31:18,2025-01-02 14:31:18,9.83725059875607,0.567429275068534,0.572629256106892,0.040317663812635,
cda_knowledge_base/measurements/nmr/source_files/2025-09-15_Weekly_2022-2025_at_4E.dat,4E,06-Jan-2025 11:38:27,2025-01-06 11:38:27,10.1494114238071,0.551600014285709,0.534842681103394,0.0350960441220084,
cda_knowledge_base/measurements/nmr/source_files/2025-09-15_Weekly_2022-2025_at_4E.dat,4E,13-Jan-2025 15:06:09,2025-01-13 15:06:09,9.82698193159441,0.51490002963117,0.561404078052503,0.03579362054894,
cda_knowledge_base/measurements/nmr/source_files/2025-09-15_Weekly_2022-2025_at_4E.dat,4E,20-Jan-2025 13:03:09,2025-01-20 13:03:09,10.2931688295531,0.472764790245065,0.540935408037272,0.0300530051113591,
cda_knowledge_base/measurements/nmr/source_files/2025-09-15_Weekly_2022-2025_at_4E.dat,4E,27-Jan-2025 13:09:47,2025-01-27 13:09:47,9.63685697255143,0.466655851219955,0.588217272756603,0.0349145035935834,
cda_knowledge_base/measurements/nmr/source_files/2025-09-15_Weekly_2022-2025_at_4E.dat,4E,06-Feb-2025 14:32:01,2025-02-06 14:32:01,10.089790152095,0.453812607467208,0.547035403857848,0.0298154217468668,device detuned Feb-Apr 2025; email caveat says water content likely overestimated by about 1 vol.%
cda_knowledge_base/measurements/nmr/source_files/2025-09-15_Weekly_2022-2025_at_4E.dat,4E,10-Feb-2025 11:43:31,2025-02-10 11:43:31,10.2041014535693,0.548081798812342,0.549757620536482,0.0358111895492075,device detuned Feb-Apr 2025; email caveat says water content likely overestimated by about 1 vol.%
cda_knowledge_base/measurements/nmr/source_files/2025-09-15_Weekly_2022-2025_at_4E.dat,4E,14-Feb-2025 12:21:18,2025-02-14 12:21:18,10.006418705664,1.21848968823617,0.551792215673128,0.0823779820830421,device detuned Feb-Apr 2025; email caveat says water content likely overestimated by about 1 vol.%
cda_knowledge_base/measurements/nmr/source_files/2025-09-15_Weekly_2022-2025_at_4E.dat,4E,17-Feb-2025 14:06:56,2025-02-17 14:06:56,10.2246672355684,0.802604709524333,0.527477216932387,0.0498793483569287,device detuned Feb-Apr 2025; email caveat says water content likely overestimated by about 1 vol.%
cda_knowledge_base/measurements/nmr/source_files/2025-09-15_Weekly_2022-2025_at_4E.dat,4E,24-Feb-2025 11:46:31,2025-02-24 11:46:31,10.1935466316184,0.801055905492526,0.539571216502064,0.0512690623530207,device detuned Feb-Apr 2025; email caveat says water content likely overestimated by about 1 vol.%
cda_knowledge_base/measurements/nmr/source_files/2025-09-15_Weekly_2022-2025_at_4E.dat,4E,04-Mrz-2025 07:32:38,2025-03-04 07:32:38,10.0906378446906,0.782274359436156,0.54755528523278,0.0514476795494148,device detuned Feb-Apr 2025; email caveat says water content likely overestimated by about 1 vol.%
cda_knowledge_base/measurements/nmr/source_files/2025-09-15_Weekly_2022-2025_at_4E.dat,4E,10-Mrz-2025 13:27:17,2025-03-10 13:27:17,10.2782372511363,0.819969632911809,0.525223986022788,0.0504408811537857,device detuned Feb-Apr 2025; email caveat says water content likely overestimated by about 1 vol.%
cda_knowledge_base/measurements/nmr/source_files/2025-09-15_Weekly_2022-2025_at_4E.dat,4E,18-Mrz-2025 08:30:24,2025-03-18 08:30:24,10.1427968346405,0.806116786417324,0.544765994969357,0.0524313479065168,device detuned Feb-Apr 2025; email caveat says water content likely overestimated by about 1 vol.%
cda_knowledge_base/measurements/nmr/source_files/2025-09-15_Weekly_2022-2025_at_4E.dat,4E,24-Mrz-2025 13:27:22,2025-03-24 13:27:22,10.0519855345676,0.798033867563646,0.549835608184445,0.0529406262021987,device detuned Feb-Apr 2025; email caveat says water content likely overestimated by about 1 vol.%
cda_knowledge_base/measurements/nmr/source_files/2025-09-15_Weekly_2022-2025_at_4E.dat,4E,31-Mrz-2025 14:20:45,2025-03-31 14:20:45,10.1330282828897,0.755736577667064,0.5447055766616,0.049195575870057,device detuned Feb-Apr 2025; email caveat says water content likely overestimated by about 1 vol.%
cda_knowledge_base/measurements/nmr/source_files/2025-09-15_Weekly_2022-2025_at_4E.dat,4E,07-Apr-2025 13:27:46,2025-04-07 13:27:46,10.1377008319617,0.810608148014555,0.552745953077035,0.0536476258663243,device detuned Feb-Apr 2025; email caveat says water content likely overestimated by about 1 vol.%
cda_knowledge_base/measurements/nmr/source_files/2025-09-15_Weekly_2022-2025_at_4E.dat,4E,22-Apr-2025 00:03:05,2025-04-22 00:03:05,10.2017777719257,0.872620560888679,0.563254223512854,0.0586553497184231,device detuned Feb-Apr 2025; email caveat says water content likely overestimated by about 1 vol.%
cda_knowledge_base/measurements/nmr/source_files/2025-09-15_Weekly_2022-2025_at_4E.dat,4E,24-Apr-2025 02:47:59,2025-04-24 02:47:59,10.1411007125307,0.696417851316293,0.538305924377039,0.0446804862193141,device detuned Feb-Apr 2025; email caveat says water content likely overestimated by about 1 vol.%
cda_knowledge_base/measurements/nmr/source_files/2025-09-15_Weekly_2022-2025_at_4E.dat,4E,28-Apr-2025 12:01:18,2025-04-28 12:01:18,9.55980617694632,0.529645349071203,0.558845462393744,0.0376478656466051,device detuned Feb-Apr 2025; email caveat says water content likely overestimated by about 1 vol.%
cda_knowledge_base/measurements/nmr/source_files/2025-09-15_Weekly_2022-2025_at_4E.dat,4E,05-Mai-2025 12:20:01,2025-05-05 12:20:01,9.81046100371633,0.59516029146273,0.564713762179234,0.0417257578241389,
cda_knowledge_base/measurements/nmr/source_files/2025-09-15_Weekly_2022-2025_at_4E.dat,4E,12-Mai-2025 13:15:19,2025-05-12 13:15:19,9.81197412154606,0.533173446707121,0.560134084176611,0.0370233286330756,
cda_knowledge_base/measurements/nmr/source_files/2025-09-15_Weekly_2022-2025_at_4E.dat,4E,26-Mai-2025 12:50:46,2025-05-26 12:50:46,9.62512640080324,0.671172623547589,0.582999425913258,0.0497622382918999,
cda_knowledge_base/measurements/nmr/source_files/2025-09-15_Weekly_2022-2025_at_4E.dat,4E,02-Jun-2025 12:58:46,2025-06-02 12:58:46,9.54059551581122,0.542726521243665,0.591599125021339,0.0412882818522096,
cda_knowledge_base/measurements/nmr/source_files/2025-09-15_Weekly_2022-2025_at_4E.dat,4E,17-Jun-2025 07:08:13,2025-06-17 07:08:13,9.87648109322821,0.549482964223183,0.575885811025763,0.0391434091319886,
cda_knowledge_base/measurements/nmr/source_files/2025-09-15_Weekly_2022-2025_at_4E.dat,4E,25-Jun-2025 13:09:26,2025-06-25 13:09:26,10.0974745372733,0.702677015919318,0.556152172110456,0.0470235623436217,
cda_knowledge_base/measurements/nmr/source_files/2025-09-15_Weekly_2022-2025_at_4E.dat,4E,30-Jun-2025 12:09:34,2025-06-30 12:09:34,10.0841694151531,0.687560798394001,0.578097997428974,0.0481840712061404,
cda_knowledge_base/measurements/nmr/source_files/2025-09-15_Weekly_2022-2025_at_4E.dat,4E,07-Jul-2025 13:55:34,2025-07-07 13:55:34,9.95758084313558,0.531425956339213,0.588419591871717,0.0384951549962091,
cda_knowledge_base/measurements/nmr/source_files/2025-09-15_Weekly_2022-2025_at_4E.dat,4E,14-Jul-2025 10:41:23,2025-07-14 10:41:23,10.1849117565175,0.58328761216891,0.588128850783311,0.0412852203693943,
cda_knowledge_base/measurements/nmr/source_files/2025-09-15_Weekly_2022-2025_at_4E.dat,4E,21-Jul-2025 13:02:55,2025-07-21 13:02:55,10.0755284327271,0.658590475974371,0.610526161965484,0.0491994917816608,
cda_knowledge_base/measurements/nmr/source_files/2025-09-15_Weekly_2022-2025_at_4E.dat,4E,04-Aug-2025 04:49:19,2025-08-04 04:49:19,9.88380177212685,0.546969851922338,0.617141885517323,0.0421748792437411,
cda_knowledge_base/measurements/nmr/source_files/2025-09-15_Weekly_2022-2025_at_4E.dat,4E,15-Aug-2025 03:25:41,2025-08-15 03:25:41,10.4355549331265,0.538520251264437,0.61499538543268,0.0391701235945625,
cda_knowledge_base/measurements/nmr/source_files/2025-09-15_Weekly_2022-2025_at_4E.dat,4E,03-Sep-2025 11:57:58,2025-09-03 11:57:58,10.8176642254054,0.577996043707775,0.577098866068264,0.0376838297850766,
cda_knowledge_base/measurements/nmr/source_files/2025-09-15_Weekly_2022-2025_at_4E.dat,4E,09-Sep-2025 11:24:25,2025-09-09 11:24:25,10.4506239149917,0.556286826979237,0.593115495715334,0.0387491440349088,
